timestamp,open,high,low,close,volume,turnover
2025-07-17 08:00:00,3448.54,3483.7,3426.26,3434.52,488707.04,1688287198.8711
2025-07-17 12:00:00,3434.52,3442.03,3363.0,3420.56,689420.23,2352498247.6787
2025-07-17 16:00:00,3420.56,3455.28,3365.21,3411.39,565992.85,1931065982.4118
2025-07-17 20:00:00,3411.39,3525.79,3370.01,3477.33,890271.58,3081053040.0199
2025-07-18 00:00:00,3477.33,3629.41,3458.83,3597.57,744475.21,2662680210.0511
2025-07-18 04:00:00,3597.57,3676.35,3576.24,3607.86,687893.76,2500682573.1409
2025-07-18 08:00:00,3607.86,3631.94,3584.62,3612.41,372621.89,1345485868.7925
2025-07-18 12:00:00,3612.41,3674.71,3530.01,3564.7,1016985.93,3658787778.8153
2025-07-18 16:00:00,3564.7,3625.25,3536.02,3551.31,552727.99,1978782194.6017
2025-07-18 20:00:00,3551.31,3578.01,3477.41,3547.19,578247.69,2040261166.2116
2025-07-19 00:00:00,3547.19,3600.0,3507.1,3593.7,273307.43,972463891.9873
2025-07-19 04:00:00,3593.7,3609.1,3567.22,3571.95,164909.89,591265741.7466
2025-07-19 08:00:00,3571.95,3579.48,3538.58,3552.88,232924.88,829235653.5984
2025-07-19 12:00:00,3552.88,3573.71,3524.14,3552.52,263444.29,935508218.2346
2025-07-19 16:00:00,3552.52,3583.34,3532.02,3578.76,248609.09,884093781.8301
2025-07-19 20:00:00,3578.76,3600.77,3537.34,3592.5,226986.03,811429648.9657
2025-07-20 00:00:00,3592.5,3695.0,3580.36,3658.03,386856.11,1404191935.0445
2025-07-20 04:00:00,3658.03,3689.99,3633.34,3668.58,247419.13,905148927.8399
2025-07-20 08:00:00,3668.58,3771.37,3668.57,3756.48,516134.64,1918155229.6592
2025-07-20 12:00:00,3756.48,3791.97,3725.0,3785.74,472152.34,1772177824.1001
2025-07-20 16:00:00,3785.74,3826.99,3730.51,3749.38,640305.34,2414660869.5885
2025-07-20 20:00:00,3749.38,3773.7,3681.42,3757.38,592891.45,2213209082.9917
2025-07-21 00:00:00,3757.38,3768.0,3701.48,3758.64,303348.4,1132922533.5432
2025-07-21 04:00:00,3758.64,3815.01,3748.31,3789.67,357079.5,1351429654.3366
2025-07-21 08:00:00,3789.67,3842.68,3757.49,3810.66,446866.63,1698065550.2217
2025-07-21 12:00:00,3810.66,3862.19,3776.06,3811.99,638222.06,2439332712.1346
2025-07-21 16:00:00,3811.99,3819.0,3716.48,3737.54,774878.76,2919181236.5828
2025-07-21 20:00:00,3737.54,3782.76,3720.14,3762.84,221456.04,832084999.7198
2025-07-22 00:00:00,3762.84,3801.0,3695.0,3732.2,588406.58,2203346609.7112
2025-07-22 04:00:00,3732.2,3735.0,3650.0,3677.15,555320.4,2049239792.6967
2025-07-22 08:00:00,3677.15,3722.2,3615.49,3707.1,611311.64,2238056282.3092
2025-07-22 12:00:00,3707.1,3732.31,3625.2,3718.89,714395.76,2631697904.857
2025-07-22 16:00:00,3718.89,3752.47,3655.1,3670.11,513063.83,1901784897.5964
2025-07-22 20:00:00,3670.11,3752.65,3661.6,3747.0,281036.1,1043244765.3675
2025-07-23 00:00:00,3747.0,3764.97,3711.06,3729.21,403170.51,1507689362.6036
2025-07-23 04:00:00,3729.21,3739.98,3663.94,3674.01,257162.07,951997006.1403
2025-07-23 08:00:00,3674.01,3698.52,3640.44,3672.2,351806.5,1289415746.8507
2025-07-23 12:00:00,3672.2,3681.44,3578.0,3645.17,830907.86,3010134496.4702
2025-07-23 16:00:00,3645.17,3645.18,3552.02,3588.17,474926.51,1703951524.335
2025-07-23 20:00:00,3588.17,3635.72,3524.55,3629.44,443250.84,1584686992.4058
2025-07-24 00:00:00,3629.44,3666.67,3613.39,3641.69,203347.65,740690469.2896
2025-07-24 04:00:00,3641.69,3658.68,3505.12,3591.4,590819.86,2109830416.3135
2025-07-24 08:00:00,3591.4,3661.99,3580.01,3655.58,514952.85,1868209427.1614
2025-07-24 12:00:00,3655.58,3773.0,3610.0,3732.16,759217.8,2803619798.6897
2025-07-24 16:00:00,3732.16,3755.43,3667.03,3732.88,527262.47,1958300176.6678
2025-07-24 20:00:00,3732.88,3745.07,3694.13,3706.98,272769.79,1014527287.4147
2025-07-25 00:00:00,3706.98,3707.93,3571.76,3595.01,586891.47,2136206503.9814
2025-07-25 04:00:00,3595.01,3668.91,3577.28,3631.79,556461.28,2017246994.8242
2025-07-25 08:00:00,3631.79,3750.0,3628.97,3722.71,616119.59,2274385400.1362
2025-07-25 12:00:00,3722.71,3737.09,3600.11,3632.99,693412.57,2544182795.8338
2025-07-25 16:00:00,3632.99,3659.47,3615.23,3639.9,272408.46,991716254.1069
2025-07-25 20:00:00,3639.9,3732.54,3638.6,3725.66,334666.06,1239027348.9009
2025-07-26 00:00:00,3725.66,3769.98,3695.73,3740.39,273874.49,1022339341.4221
2025-07-26 04:00:00,3740.39,3758.59,3731.97,3743.6,118876.92,445230875.6383
2025-07-26 08:00:00,3743.6,3784.75,3731.38,3740.85,282587.33,1062262946.5171
2025-07-26 12:00:00,3740.85,3756.11,3714.0,3736.87,215615.06,805946542.3952
2025-07-26 16:00:00,3736.87,3756.99,3708.62,3750.92,173455.23,647442986.45
2025-07-26 20:00:00,3750.92,3798.19,3732.0,3742.05,161821.19,608519678.9594
2025-07-27 00:00:00,3742.05,3789.98,3730.8,3774.96,124737.43,469795751.9467
2025-07-27 04:00:00,3774.96,3812.39,3763.08,3768.52,224165.45,848852599.1191
2025-07-27 08:00:00,3768.52,3842.22,3748.22,3816.03,367369.25,1397864924.1742
2025-07-27 12:00:00,3816.03,3838.0,3791.58,3819.36,246368.56,940112210.7594
2025-07-27 16:00:00,3819.36,3871.91,3809.12,3829.13,387504.61,1488160790.6511
2025-07-27 20:00:00,3829.13,3881.98,3815.0,3873.24,254766.39,980995682.1761
2025-07-28 00:00:00,3873.24,3908.41,3842.89,3879.96,390790.83,1513962007.5552
2025-07-28 04:00:00,3879.96,3943.36,3868.21,3893.27,431263.26,1686276980.2539
2025-07-28 08:00:00,3893.27,3903.0,3858.94,3880.0,215449.29,836569198.2585
2025-07-28 12:00:00,3880.0,3890.31,3772.19,3807.01,706007.93,2696888333.7885
2025-07-28 16:00:00,3807.01,3822.01,3752.24,3797.25,390630.61,1478139170.3942
2025-07-28 20:00:00,3797.25,3805.09,3764.04,3796.64,249454.88,944117858.2798
2025-07-29 00:00:00,3796.64,3821.71,3727.26,3791.3,432997.0,1633072689.235
2025-07-29 04:00:00,3791.3,3880.8,3774.57,3877.13,358978.61,1374293714.5091
2025-07-29 08:00:00,3877.13,3887.54,3811.0,3824.65,389015.85,1497485228.6296
2025-07-29 12:00:00,3824.65,3875.93,3744.82,3759.06,667914.27,2544429251.8329
2025-07-29 16:00:00,3759.06,3794.95,3714.0,3763.46,536874.43,2017357832.6162
2025-07-29 20:00:00,3763.46,3801.08,3738.99,3792.3,341554.76,1286240424.1001
2025-07-30 00:00:00,3792.3,3827.78,3754.25,3816.01,271282.77,1028788059.4945
2025-07-30 04:00:00,3816.01,3833.73,3786.0,3809.85,223316.89,851057253.8456
2025-07-30 08:00:00,3809.85,3825.15,3741.66,3756.88,359625.15,1360348184.7655
2025-07-30 12:00:00,3756.88,3830.61,3747.13,3795.98,429626.86,1625413503.8693
2025-07-30 16:00:00,3795.98,3822.47,3667.65,3758.87,823218.22,3084595807.0659
2025-07-30 20:00:00,3758.87,3811.18,3741.34,3809.37,296963.42,1120738187.5042
2025-07-31 00:00:00,3809.37,3868.24,3800.39,3863.13,276571.48,1062073221.3579
2025-07-31 04:00:00,3863.13,3877.65,3854.14,3863.1,172882.49,668080600.4638
2025-07-31 08:00:00,3863.1,3872.94,3825.75,3837.91,182168.56,701287585.4618
2025-07-31 12:00:00,3837.91,3845.56,3757.86,3785.87,595433.19,2260848363.517
2025-07-31 16:00:00,3785.87,3816.97,3731.86,3735.35,484783.02,1828598404.2521
2025-07-31 20:00:00,3735.35,3756.45,3682.0,3696.0,482366.31,1794271315.8401
2025-08-01 00:00:00,3696.0,3722.0,3613.0,3702.61,607167.81,2233438964.9366
2025-08-01 04:00:00,3702.61,3702.61,3622.0,3648.42,404793.94,1481591811.0744
2025-08-01 08:00:00,3648.42,3648.42,3582.7,3641.51,485791.18,1757351412.4726
2025-08-01 12:00:00,3641.51,3673.8,3560.83,3613.94,805663.3,2919583733.2487
2025-08-01 16:00:00,3613.94,3633.61,3512.7,3517.04,665862.22,2373876600.4645
2025-08-01 20:00:00,3517.04,3551.61,3429.31,3486.71,674652.85,2354237458.1801
2025-08-02 00:00:00,3486.71,3532.27,3476.63,3528.0,230142.0,806985375.1259
2025-08-02 04:00:00,3528.0,3536.47,3453.39,3517.69,386052.72,1349414027.2406
2025-08-02 08:00:00,3517.69,3523.0,3471.04,3507.3,250498.88,876054023.8865
2025-08-02 12:00:00,3507.3,3516.3,3449.29,3457.63,367162.74,1278680833.3496
2025-08-02 16:00:00,3457.63,3479.87,3371.1,3381.75,865579.72,2958997584.2543
2025-08-02 20:00:00,3381.75,3441.3,3364.0,3392.7,460202.57,1564466973.4181
2025-08-03 00:00:00,3392.7,3450.97,3350.0,3442.7,366138.68,1245519896.5034
2025-08-03 04:00:00,3442.7,3457.78,3432.15,3453.98,153649.67,529282418.6841
2025-08-03 08:00:00,3453.98,3514.56,3452.06,3483.3,238769.27,831296060.8589
2025-08-03 12:00:00,3483.3,3502.82,3450.17,3474.3,234926.75,816714071.9451
2025-08-03 16:00:00,3474.3,3513.35,3465.84,3494.88,191837.31,669849771.8821
2025-08-03 20:00:00,3494.88,3519.95,3481.11,3495.1,217666.45,761704357.7239
2025-08-04 00:00:00,3495.1,3574.78,3489.47,3555.15,320328.06,1134005928.6453
2025-08-04 04:00:00,3555.15,3563.98,3518.36,3550.57,206103.82,729422742.277
2025-08-04 08:00:00,3550.57,3573.55,3539.63,3554.01,209400.8,744298258.5339
2025-08-04 12:00:00,3554.01,3665.0,3549.59,3647.2,720992.87,2608693831.3819
2025-08-04 16:00:00,3647.2,3717.0,3646.98,3668.24,490243.04,1805632498.5387
2025-08-04 20:00:00,3668.24,3736.38,3658.84,3719.26,339791.33,1260167926.11
2025-08-05 00:00:00,3719.26,3720.23,3646.39,3650.41,290861.18,1070586391.6086
2025-08-05 04:00:00,3650.41,3677.97,3595.76,3612.01,417575.23,1520749119.0574
2025-08-05 08:00:00,3612.01,3693.61,3606.46,3672.5,373701.19,1366731701.9634
2025-08-05 12:00:00,3672.5,3680.28,3553.06,3568.49,879529.51,3169856072.6715
2025-08-05 16:00:00,3568.49,3611.84,3556.9,3570.0,325646.26,1166720128.14
2025-08-05 20:00:00,3570.0,3624.25,3542.46,3609.74,254220.51,911099837.163
2025-08-06 00:00:00,3609.74,3612.41,3562.17,3582.16,244996.74,877859908.9504
2025-08-06 04:00:00,3582.16,3661.68,3568.0,3638.68,393860.93,1428311248.9984
2025-08-06 08:00:00,3638.68,3644.63,3607.71,3617.97,231766.12,839621782.0545
2025-08-06 12:00:00,3617.97,3670.29,3571.66,3663.16,525926.67,1898594437.7221
2025-08-06 16:00:00,3663.16,3698.58,3635.6,3682.0,367773.65,1349216410.5433
2025-08-06 20:00:00,3682.0,3685.65,3650.35,3681.55,154111.12,565880310.1631
2025-08-07 00:00:00,3681.55,3716.0,3646.04,3655.2,282837.11,1039814512.9938
2025-08-07 04:00:00,3655.2,3709.9,3653.5,3701.47,190268.86,701419252.1459
2025-08-07 08:00:00,3701.47,3841.69,3701.3,3825.14,613325.65,2318400782.8579
2025-08-07 12:00:00,3825.14,3865.23,3802.04,3834.67,542442.96,2080090977.4881
2025-08-07 16:00:00,3834.67,3876.0,3777.46,3865.8,417982.83,1599216841.5132
2025-08-07 20:00:00,3865.8,3928.0,3849.34,3908.31,364409.71,1416052954.8342
2025-08-08 00:00:00,3908.31,3968.97,3876.0,3938.02,433948.62,1698724760.434
2025-08-08 04:00:00,3938.02,3938.4,3892.97,3914.61,232581.32,909848513.5362
2025-08-08 08:00:00,3914.61,3926.38,3883.09,3916.31,207659.77,809990833.2367
2025-08-08 12:00:00,3916.31,4013.61,3889.54,3953.34,755616.27,2993084122.8084
2025-08-08 16:00:00,3953.34,4066.23,3949.23,4059.92,540185.09,2171060929.5012
2025-08-08 20:00:00,4059.92,4072.34,4005.36,4009.14,225655.69,910860310.9932
2025-08-09 00:00:00,4009.14,4051.25,4005.67,4048.81,169537.02,682812351.0914
2025-08-09 04:00:00,4048.81,4216.0,4042.49,4170.39,753134.33,3121994762.8293
2025-08-09 08:00:00,4170.39,4248.78,4165.54,4189.64,537809.3,2261750987.6806
2025-08-09 12:00:00,4189.64,4226.84,4153.0,4208.03,391027.67,1638145259.2999
2025-08-09 16:00:00,4208.03,4271.65,4192.02,4257.76,314190.56,1330093573.9167
2025-08-09 20:00:00,4257.76,4326.98,4241.69,4259.98,540835.28,2314607422.5113
2025-08-10 00:00:00,4259.98,4333.02,4201.91,4241.09,541804.97,2311255492.3881
2025-08-10 04:00:00,4241.09,4264.35,4173.17,4185.3,351716.01,1484379782.7224
2025-08-10 08:00:00,4185.3,4232.13,4160.0,4179.72,323825.46,1360832234.1804
2025-08-10 12:00:00,4179.72,4238.95,4160.17,4217.01,293061.08,1230445750.4893
2025-08-10 16:00:00,4217.01,4258.67,4213.27,4247.71,165103.87,699110988.3914
2025-08-10 20:00:00,4247.71,4253.37,4181.53,4249.46,328934.01,1388471287.2891
2025-08-11 00:00:00,4249.46,4343.13,4236.91,4308.0,512003.96,2200431673.6526
2025-08-11 04:00:00,4308.0,4349.0,4262.98,4272.97,342609.45,1475844521.8128
2025-08-11 08:00:00,4272.97,4283.87,4167.64,4183.6,507029.24,2147735323.6538
2025-08-11 12:00:00,4183.6,4331.55,4164.3,4328.39,793356.65,3374752286.3677
2025-08-11 16:00:00,4328.39,4367.75,4224.73,4257.61,730450.26,3143614423.1966
2025-08-11 20:00:00,4257.61,4257.61,4186.57,4220.79,369606.8,1560280619.4143
2025-08-12 00:00:00,4220.79,4311.66,4216.3,4284.56,345530.89,1476176305.8335
2025-08-12 04:00:00,4284.56,4321.4,4264.9,4314.75,270404.97,1162056497.9199
2025-08-12 08:00:00,4314.75,4332.48,4253.59,4288.83,317522.88,1362475422.6628
2025-08-12 12:00:00,4288.83,4481.3,4275.43,4471.54,1164989.99,5119215164.896
2025-08-12 16:00:00,4471.54,4518.32,4438.37,4515.74,613562.33,2751289603.4197
2025-08-12 20:00:00,4515.74,4640.0,4502.16,4589.34,713435.19,3272610805.7935
2025-08-13 00:00:00,4589.34,4657.43,4562.61,4646.27,408920.5,1885005906.6389
2025-08-13 04:00:00,4646.27,4683.73,4606.79,4625.11,410420.07,1906766938.1299
2025-08-13 08:00:00,4625.11,4718.45,4606.19,4688.95,528852.82,2469513137.9692
2025-08-13 12:00:00,4688.95,4738.0,4611.0,4664.0,892181.41,4172015116.0712
2025-08-13 16:00:00,4664.0,4752.42,4660.0,4739.05,553803.36,2611926404.273
2025-08-13 20:00:00,4739.05,4785.43,4696.45,4748.51,485424.8,2303433506.1685
2025-08-14 00:00:00,4748.51,4782.22,4708.12,4776.12,301209.71,1428675350.6465
2025-08-14 04:00:00,4776.12,4793.97,4716.06,4749.12,392748.37,1867072356.8897
2025-08-14 08:00:00,4749.12,4767.07,4668.55,4719.52,446046.29,2104619486.4032
2025-08-14 12:00:00,4719.52,4736.9,4456.0,4619.0,1931505.54,8883260219.3448
2025-08-14 16:00:00,4619.0,4624.46,4480.81,4538.36,747550.86,3395670531.8139
2025-08-14 20:00:00,4538.36,4570.7,4451.5,4545.77,507074.93,2288685799.5316
2025-08-15 00:00:00,4545.77,4649.12,4534.6,4633.39,333734.43,1533917247.4054
2025-08-15 04:00:00,4633.39,4662.82,4603.27,4640.64,265544.16,1230405143.6736
2025-08-15 08:00:00,4640.64,4667.93,4612.14,4634.0,222695.86,1032791933.3827
2025-08-15 12:00:00,4634.0,4673.14,4391.0,4429.31,1091838.11,4942432356.0724
2025-08-15 16:00:00,4429.31,4461.87,4371.01,4381.19,643662.18,2836014069.0705
2025-08-15 20:00:00,4381.19,4490.0,4364.25,4437.01,362699.31,1607059266.5012
2025-08-16 00:00:00,4437.01,4489.0,4422.89,4430.85,225303.6,1004850198.0754
2025-08-16 04:00:00,4430.85,4462.83,4405.8,4449.84,160187.63,710201473.7808
2025-08-16 08:00:00,4449.84,4457.8,4371.18,4385.88,260945.52,1150514203.4186
2025-08-16 12:00:00,4385.88,4427.4,4372.98,4397.82,237424.26,1044541184.7649
2025-08-16 16:00:00,4397.82,4443.95,4388.0,4416.61,121397.41,535629274.5558
2025-08-16 20:00:00,4416.61,4437.0,4400.62,4421.01,87337.39,386112606.8429
2025-08-17 00:00:00,4421.01,4458.59,4392.08,4450.94,140714.97,622288838.6067
2025-08-17 04:00:00,4450.94,4488.4,4442.0,4464.89,227811.93,1017880851.6646
2025-08-17 08:00:00,4464.89,4575.71,4456.13,4549.41,386457.56,1752868002.8567
2025-08-17 12:00:00,4549.41,4563.99,4515.07,4559.3,221957.69,1007690693.6848
2025-08-17 16:00:00,4559.3,4564.93,4423.71,4457.6,392574.97,1762758842.0239
2025-08-17 20:00:00,4457.6,4533.26,4454.65,4470.62,230338.24,1034266668.0991
2025-08-18 00:00:00,4470.62,4480.89,4273.18,4317.62,789488.83,3448669737.0342
2025-08-18 04:00:00,4317.62,4345.67,4228.0,4254.8,613509.65,2625716609.9213
2025-08-18 08:00:00,4254.8,4318.88,4223.6,4271.99,542400.6,2317408714.2944
2025-08-18 12:00:00,4271.99,4367.73,4267.98,4343.97,692830.01,2990864948.3748
2025-08-18 16:00:00,4343.97,4386.65,4297.26,4353.2,438264.37,1904445452.843
2025-08-18 20:00:00,4353.2,4387.55,4302.39,4311.44,275635.34,1197324407.7288
2025-08-19 00:00:00,4311.44,4353.62,4210.4,4217.24,455173.87,1948100236.4217
2025-08-19 04:00:00,4217.24,4248.61,4190.62,4232.02,354694.41,1497277175.6699
2025-08-19 08:00:00,4232.02,4318.11,4216.26,4306.85,339365.39,1451419396.4681
2025-08-19 12:00:00,4306.85,4340.5,4165.42,4189.45,853465.21,3617698069.8948
2025-08-19 16:00:00,4189.45,4204.86,4113.0,4141.76,579051.8,2406612291.9294
2025-08-19 20:00:00,4141.76,4164.77,4066.06,4074.51,401793.91,1654576062.8199
2025-08-20 00:00:00,4074.51,4159.6,4059.74,4139.84,366594.41,1506853733.316
2025-08-20 04:00:00,4139.84,4211.52,4138.26,4184.03,253378.11,1058475133.1373
2025-08-20 08:00:00,4184.03,4240.15,4148.81,4194.76,438038.23,1841048037.1046
2025-08-20 12:00:00,4194.76,4307.57,4101.12,4253.2,1025101.29,4310903332.8634
2025-08-20 16:00:00,4253.2,4363.93,4252.41,4344.94,750496.67,3235372672.2654
2025-08-20 20:00:00,4344.94,4376.91,4318.09,4334.36,296334.47,1287685632.6489
2025-08-21 00:00:00,4334.36,4338.29,4275.34,4293.0,293846.14,1265306960.1601
2025-08-21 04:00:00,4293.0,4319.44,4267.73,4309.54,214107.07,919725287.8945
2025-08-21 08:00:00,4309.54,4314.0,4253.69,4277.19,294483.46,1261281086.6088
2025-08-21 12:00:00,4277.19,4326.5,4223.85,4240.8,690909.68,2948781145.3024
2025-08-21 16:00:00,4240.8,4273.76,4206.0,4222.4,409296.42,1733859252.0884
2025-08-21 20:00:00,4222.4,4261.11,4202.94,4224.08,316369.29,1339384807.8895
2025-08-22 00:00:00,4224.08,4314.21,4220.12,4277.07,298780.78,1276996140.1787
2025-08-22 04:00:00,4277.07,4344.03,4271.0,4326.08,296724.4,1276931222.2748
2025-08-22 08:00:00,4326.08,4353.0,4270.98,4272.97,320441.19,1381459022.7781
2025-08-22 12:00:00,4272.97,4666.61,4206.26,4613.88,1984112.3,8890585793.9992
2025-08-22 16:00:00,4613.88,4859.99,4613.39,4832.36,1146780.74,5476856155.8833
2025-08-22 20:00:00,4832.36,4888.0,4794.35,4831.62,518323.66,2510520175.0907
2025-08-23 00:00:00,4831.62,4831.7,4661.39,4695.19,522491.43,2473092937.8395
2025-08-23 04:00:00,4695.19,4765.82,4694.01,4712.99,299457.39,1417865685.9158
2025-08-23 08:00:00,4712.99,4746.0,4688.0,4703.8,214118.87,1010196729.7756
2025-08-23 12:00:00,4703.8,4767.93,4691.2,4748.8,268492.45,1270198625.9172
2025-08-23 16:00:00,4748.8,4760.57,4724.15,4756.71,137775.52,653995979.6526
2025-08-23 20:00:00,4756.71,4795.96,4735.3,4776.12,118977.21,567178933.3915
2025-08-24 00:00:00,4776.12,4816.87,4749.82,4787.74,202982.54,970869252.3231
2025-08-24 04:00:00,4787.74,4799.48,4755.0,4757.22,133468.13,637351191.7633
2025-08-24 08:00:00,4757.22,4784.99,4716.48,4746.33,204863.56,973214663.4655
2025-08-24 12:00:00,4746.33,4830.0,4736.64,4796.41,308675.04,1478139180.8771
2025-08-24 16:00:00,4796.41,4957.96,4743.49,4813.14,1096593.77,5327470121.259
2025-08-24 20:00:00,4813.14,4823.0,4706.11,4779.11,640732.17,3056581963.2094
2025-08-25 00:00:00,4779.11,4798.07,4668.33,4725.71,382685.92,1810596780.3834
2025-08-25 04:00:00,4725.71,4738.1,4579.61,4589.75,515792.75,2401272539.7127
2025-08-25 08:00:00,4589.75,4614.77,4518.0,4597.7,588149.51,2690172007.5744
2025-08-25 12:00:00,4597.7,4682.88,4583.0,4610.36,635490.1,2944021744.389
2025-08-25 16:00:00,4610.36,4643.4,4413.47,4418.18,648070.76,2944593293.5257
2025-08-25 20:00:00,4418.18,4443.68,4330.39,4374.0,807737.28,3537827529.9258
2025-08-26 00:00:00,4374.0,4448.44,4308.6,4400.27,611533.84,2677925608.5047
2025-08-26 04:00:00,4400.27,4452.64,4391.48,4427.03,272984.09,1207666163.5776
2025-08-26 08:00:00,4427.03,4464.1,4403.01,4425.54,249361.88,1104088918.3607
2025-08-26 12:00:00,4425.54,4578.08,4403.06,4516.63,910076.17,4095531288.189
2025-08-26 16:00:00,4516.63,4595.88,4496.27,4594.0,401094.81,1820390754.6722
2025-08-26 20:00:00,4594.0,4631.99,4559.52,4597.94,267152.51,1227499387.8666
2025-08-27 00:00:00,4597.94,4625.48,4537.79,4601.27,287734.67,1315701135.5877
2025-08-27 04:00:00,4601.27,4644.0,4557.51,4578.1,285479.9,1313901427.9311
2025-08-27 08:00:00,4578.1,4618.0,4551.6,4605.78,244719.6,1122797604.3172
2025-08-27 12:00:00,4605.78,4663.0,4571.43,4655.86,509580.85,2353037562.0944
2025-08-27 16:00:00,4655.86,4656.48,4530.68,4562.4,342857.54,1576199517.1343
2025-08-27 20:00:00,4562.4,4612.9,4477.8,4504.73,546911.95,2485358634.1441
2025-08-28 00:00:00,4504.73,4547.0,4464.29,4539.54,240830.63,1086118413.8697
2025-08-28 04:00:00,4539.54,4599.0,4532.18,4594.71,207245.54,946667578.9207
2025-08-28 08:00:00,4594.71,4632.47,4580.0,4593.6,244809.32,1126195985.7884
2025-08-28 12:00:00,4593.6,4614.26,4480.57,4500.97,480896.93,2191323179.1929
2025-08-28 16:00:00,4500.97,4527.62,4432.0,4435.45,355562.86,1594175516.9488
2025-08-28 20:00:00,4435.45,4513.5,4425.61,4508.69,209342.17,937670515.798
2025-08-29 00:00:00,4508.69,4515.59,4431.56,4487.19,287125.38,1284357264.3435
2025-08-29 04:00:00,4487.19,4495.74,4366.0,4379.5,345006.99,1528417354.8134
2025-08-29 08:00:00,4379.5,4396.34,4316.51,4344.46,369170.64,1604494171.7298
2025-08-29 12:00:00,4344.46,4452.13,4260.0,4314.18,947519.2,4113293131.5463
2025-08-29 16:00:00,4314.18,4365.74,4293.92,4338.68,317557.01,1375635483.035
2025-08-29 20:00:00,4338.68,4380.17,4303.27,4358.91,253094.47,1100284906.3219
2025-08-30 00:00:00,4358.91,4382.45,4255.01,4351.18,331411.58,1430479174.8366
2025-08-30 04:00:00,4351.18,4414.0,4345.0,4399.7,226344.27,992205230.5782
2025-08-30 08:00:00,4399.7,4406.23,4376.36,4390.35,118980.73,522424980.0469
2025-08-30 12:00:00,4390.35,4391.74,4329.45,4373.85,240133.37,1046417103.0246
2025-08-30 16:00:00,4373.85,4373.85,4333.03,4352.36,104810.62,456568555.987
2025-08-30 20:00:00,4352.36,4377.35,4331.8,4372.76,84958.45,370068693.7487
2025-08-31 00:00:00,4372.76,4486.86,4371.2,4486.0,293840.2,1305096145.498
2025-08-31 04:00:00,4486.0,4490.02,4430.31,4448.4,181410.77,808164533.355
2025-08-31 08:00:00,4448.4,4481.44,4436.85,4473.94,203144.98,906201121.0799
2025-08-31 12:00:00,4473.94,4496.43,4446.55,4482.65,224141.9,1002502742.6698
2025-08-31 16:00:00,4482.65,4489.92,4452.32,4453.78,121239.57,542368338.3521
2025-08-31 20:00:00,4453.78,4477.22,4375.43,4389.43,254103.96,1124672178.564
2025-09-01 00:00:00,4389.43,4430.81,4360.0,4402.15,338651.18,1486678728.0378
2025-09-01 04:00:00,4402.15,4462.24,4355.11,4461.68,288021.41,1267779919.6735
2025-09-01 08:00:00,4461.68,4490.0,4380.78,4391.0,388965.0,1726588970.1335
2025-09-01 12:00:00,4391.0,4423.0,4341.92,4360.03,300214.32,1316705839.094
2025-09-01 16:00:00,4360.03,4369.9,4307.08,4366.41,268345.88,1164059854.9856
2025-09-01 20:00:00,4366.41,4366.5,4210.0,4312.81,547436.24,2343887359.6336
2025-09-02 00:00:00,4312.81,4393.85,4288.97,4365.71,308646.8,1339349187.8685
2025-09-02 04:00:00,4365.71,4414.74,4358.86,4375.53,220968.86,969556708.7413
2025-09-02 08:00:00,4375.53,4406.99,4337.79,4346.29,204475.88,895491277.1836
2025-09-02 12:00:00,4346.29,4396.75,4268.69,4292.38,830260.15,3591495417.3683
2025-09-02 16:00:00,4292.38,4329.76,4254.02,4272.63,397142.53,1704226626.0426
2025-09-02 20:00:00,4272.63,4335.87,4264.02,4324.97,264448.71,1139904533.7738
2025-09-03 00:00:00,4324.97,4354.32,4281.34,4333.0,189872.07,820496973.794
2025-09-03 04:00:00,4333.0,4341.73,4285.98,4308.41,200202.16,863426267.3346
2025-09-03 08:00:00,4308.41,4385.0,4301.31,4370.85,258112.66,1122724624.0873
2025-09-03 12:00:00,4370.85,4485.0,4340.16,4477.91,587661.26,2599078198.3486
2025-09-03 16:00:00,4477.91,4488.86,4451.88,4473.0,250345.17,1118525585.4642
2025-09-03 20:00:00,4473.0,4479.91,4434.06,4448.4,112663.17,502475504.0491
2025-09-04 00:00:00,4448.4,4481.28,4387.55,4396.42,279747.72,1238586959.553
2025-09-04 04:00:00,4396.42,4413.0,4353.56,4369.21,279942.63,1225188595.3484
2025-09-04 08:00:00,4369.21,4432.0,4362.93,4404.79,274622.87,1209069141.1598
2025-09-04 12:00:00,4404.79,4427.18,4291.5,4302.4,640554.17,2788766198.2717
2025-09-04 16:00:00,4302.4,4321.47,4262.21,4273.91,344064.06,1476898752.8484
2025-09-04 20:00:00,4273.91,4352.74,4270.03,4295.45,207970.24,897460413.9086
2025-09-05 00:00:00,4295.45,4333.89,4288.1,4327.17,210025.41,905445749.9538
2025-09-05 04:00:00,4327.17,4427.51,4314.0,4414.51,277472.69,1212167308.7044
2025-09-05 08:00:00,4414.51,4424.88,4371.0,4416.05,326068.6,1435177813.6248
2025-09-05 12:00:00,4416.05,4494.38,4252.95,4279.88,1208582.58,5284291587.729
2025-09-05 16:00:00,4279.88,4330.65,4269.06,4329.59,281753.59,1210863522.9334
2025-09-05 20:00:00,4329.59,4341.92,4283.01,4306.37,228373.87,984872960.2248
2025-09-06 00:00:00,4306.37,4327.27,4302.0,4318.5,75349.2,325137430.0031
2025-09-06 04:00:00,4318.5,4318.84,4288.89,4310.55,86490.28,372013804.9488
2025-09-06 08:00:00,4310.55,4313.46,4283.64,4297.73,82361.13,353872789.8059
2025-09-06 12:00:00,4297.73,4306.62,4261.0,4267.72,153043.6,655352470.3252
2025-09-06 16:00:00,4267.72,4304.24,4232.95,4253.83,279865.21,1193960418.8968
2025-09-06 20:00:00,4253.83,4287.26,4252.02,4271.83,70022.51,299178467.9285
2025-09-07 00:00:00,4271.83,4303.0,4268.86,4296.0,103870.44,445919773.5706
2025-09-07 04:00:00,4296.0,4306.11,4276.01,4293.12,99865.55,428658437.2101
2025-09-07 08:00:00,4293.12,4314.0,4290.0,4309.29,109971.55,473155954.128
2025-09-07 12:00:00,4309.29,4310.01,4285.2,4297.19,119827.72,515186927.1432
2025-09-07 16:00:00,4297.19,4300.01,4268.44,4292.3,145991.85,625055001.8069
2025-09-07 20:00:00,4292.3,4335.0,4279.16,4304.06,150663.34,648562417.2531
2025-09-08 00:00:00,4304.06,4329.0,4276.64,4309.83,144597.01,622021162.5498
2025-09-08 04:00:00,4309.83,4312.2,4285.02,4290.31,107590.75,462217847.0742
2025-09-08 08:00:00,4290.31,4336.77,4285.83,4309.81,299242.85,1291235762.0777
2025-09-08 12:00:00,4309.81,4383.0,4303.24,4369.89,429291.16,1864274553.7462
2025-09-08 16:00:00,4369.89,4372.5,4281.0,4290.82,422709.84,1825792819.6779
2025-09-08 20:00:00,4290.82,4329.9,4280.0,4304.55,198360.2,853323503.2878
2025-09-09 00:00:00,4304.55,4314.03,4274.11,4304.47,154728.22,663884398.2612
2025-09-09 04:00:00,4304.47,4380.0,4300.3,4360.41,285794.04,1242390098.126
2025-09-09 08:00:00,4360.41,4366.17,4340.12,4346.0,147866.3,643772617.1896
2025-09-09 12:00:00,4346.0,4366.77,4275.0,4282.12,538945.56,2326285750.5127
2025-09-09 16:00:00,4282.12,4297.88,4275.3,4292.3,165929.38,711072384.5674
2025-09-09 20:00:00,4292.3,4319.0,4278.52,4308.67,186400.5,802345662.381
2025-09-10 00:00:00,4308.67,4325.86,4282.14,4319.57,163077.77,702147898.9576
2025-09-10 04:00:00,4319.57,4333.45,4293.02,4327.9,168521.08,726728654.857
2025-09-10 08:00:00,4327.9,4333.34,4304.75,4329.5,143617.89,620734210.0779
2025-09-10 12:00:00,4329.5,4452.18,4327.26,4402.99,675427.89,2967431472.4806
2025-09-10 16:00:00,4402.99,4407.32,4297.4,4320.31,447390.24,1944600301.9746
2025-09-10 20:00:00,4320.31,4354.59,4318.0,4347.51,148879.01,645920066.5061
2025-09-11 00:00:00,4347.51,4410.0,4337.0,4403.22,174408.38,762847992.9424
2025-09-11 04:00:00,4403.22,4449.99,4394.0,4439.17,269431.39,1191312846.5252
2025-09-11 08:00:00,4439.17,4441.65,4404.43,4428.19,188565.55,833988558.052
2025-09-11 12:00:00,4428.19,4484.77,4349.13,4410.62,820392.95,3622427519.6988
2025-09-11 16:00:00,4410.62,4440.57,4405.62,4422.06,182897.34,808696031.6653
2025-09-11 20:00:00,4422.06,4468.34,4412.7,4457.11,141252.26,627535490.134
2025-09-12 00:00:00,4457.11,4539.18,4447.94,4503.71,342600.59,1543094836.8977
2025-09-12 04:00:00,4503.71,4562.71,4498.0,4524.89,259748.63,1177629694.0274
2025-09-12 08:00:00,4524.89,4536.47,4503.2,4520.41,162296.47,733386727.7722
2025-09-12 12:00:00,4520.41,4570.9,4502.53,4540.88,302253.0,1371639630.6122
2025-09-12 16:00:00,4540.88,4659.2,4531.95,4655.65,400918.09,1845995874.51
2025-09-12 20:00:00,4655.65,4754.08,4627.95,4710.31,474883.21,2224090045.2639
2025-09-13 00:00:00,4710.31,4766.07,4689.58,4754.15,209201.26,987178692.3933
2025-09-13 04:00:00,4754.15,4754.65,4699.13,4708.87,156487.14,739358860.358
2025-09-13 08:00:00,4708.87,4737.99,4705.97,4717.87,110512.27,521756725.1905
2025-09-13 12:00:00,4717.87,4728.99,4640.87,4653.19,328214.43,1536768138.4542
2025-09-13 16:00:00,4653.19,4666.93,4605.0,4636.92,276034.57,1278731070.4265
2025-09-13 20:00:00,4636.92,4671.88,4635.6,4665.47,108012.56,503073120.1421
2025-09-14 00:00:00,4665.47,4692.87,4649.32,4662.45,120131.74,561397639.0662
2025-09-14 04:00:00,4662.45,4681.8,4632.29,4649.59,143772.08,669922486.6914
2025-09-14 08:00:00,4649.59,4673.0,4625.22,4633.83,166210.15,773034112.0485
2025-09-14 12:00:00,4633.83,4645.0,4575.1,4581.98,417270.97,1922810410.5058
2025-09-14 16:00:00,4581.98,4632.67,4579.0,4615.42,165096.53,760844425.3351
2025-09-14 20:00:00,4615.42,4637.0,4598.29,4603.52,140711.95,649838748.2446
2025-09-15 00:00:00,4603.52,4643.0,4579.42,4635.5,155467.63,716958370.6501
2025-09-15 04:00:00,4635.5,4668.93,4585.0,4596.18,318283.64,1474584333.5398
2025-09-15 08:00:00,4596.18,4596.18,4496.44,4529.77,545024.09,2471725136.1448
2025-09-15 12:00:00,4529.77,4541.98,4463.5,4498.0,421626.61,1899007762.0895
2025-09-15 16:00:00,4498.0,4513.83,4472.07,4491.46,220300.21,990154829.3825
2025-09-15 20:00:00,4491.46,4528.48,4486.31,4521.64,112103.06,505673498.9915
2025-09-16 00:00:00,4521.64,4536.5,4502.02,4519.29,93825.15,424164038.9424
2025-09-16 04:00:00,4519.29,4534.31,4485.48,4510.8,199010.01,897718292.966
2025-09-16 08:00:00,4510.8,4530.0,4490.48,4499.26,119884.75,540354706.0064
2025-09-16 12:00:00,4499.26,4511.41,4421.1,4466.0,466115.42,2076861840.2451
2025-09-16 16:00:00,4466.0,4509.21,4444.36,4489.43,274946.07,1231776402.0743
2025-09-16 20:00:00,4489.43,4524.0,4481.64,4499.63,187166.22,842826571.5528
2025-09-17 00:00:00,4499.63,4552.27,4490.11,4495.46,176499.02,797819580.1285
2025-09-17 04:00:00,4495.46,4553.97,4459.39,4542.22,258237.9,1164153637.962
2025-09-17 08:00:00,4542.22,4544.13,4476.01,4489.31,206062.2,927297470.5483
2025-09-17 12:00:00,4489.31,4511.47,4464.0,4487.53,238211.08,1069645874.4837
2025-09-17 16:00:00,4487.53,4532.68,4400.81,4515.99,912380.32,4083663031.1711
2025-09-17 20:00:00,4515.99,4616.66,4484.46,4588.79,360862.36,1644320332.4527
2025-09-18 00:00:00,4588.79,4643.71,4578.4,4612.52,227832.67,1050733544.1184
2025-09-18 04:00:00,4612.52,4618.78,4551.01,4572.66,203370.31,931480429.3666
2025-09-18 08:00:00,4572.66,4606.91,4566.4,4573.81,181858.77,834208982.0506
2025-09-18 12:00:00,4573.81,4623.82,4556.42,4596.67,379707.07,1744353255.1344
2025-09-18 16:00:00,4596.67,4634.2,4578.0,4586.14,221266.04,1019484875.2359
2025-09-18 20:00:00,4586.14,4604.16,4568.16,4585.05,105739.3,485023495.1118
2025-09-19 00:00:00,4585.05,4618.92,4538.54,4547.75,258000.41,1181158021.0251
2025-09-19 04:00:00,4547.75,4557.76,4515.82,4537.22,261611.68,1186622072.458
2025-09-19 08:00:00,4537.22,4548.17,4506.19,4512.13,156510.03,708271106.78
2025-09-19 12:00:00,4512.13,4542.8,4442.16,4472.62,432484.38,1943806769.0204
2025-09-19 16:00:00,4472.62,4488.55,4431.0,4438.72,216970.01,967246056.8131
2025-09-19 20:00:00,4438.72,4477.78,4436.35,4467.83,122876.36,547932488.5113
2025-09-20 00:00:00,4467.83,4475.83,4452.55,4464.86,59459.21,265506010.2452
2025-09-20 04:00:00,4464.86,4483.45,4462.0,4482.43,69668.39,311696539.8973
2025-09-20 08:00:00,4482.43,4482.43,4455.0,4469.37,59023.16,263714653.9133
2025-09-20 12:00:00,4469.37,4506.99,4461.44,4497.4,138150.0,619777725.095
2025-09-20 16:00:00,4497.4,4508.0,4468.06,4477.95,131197.42,588352709.3288
2025-09-20 20:00:00,4477.95,4500.24,4476.17,4478.94,49492.08,222132331.6815
2025-09-21 00:00:00,4478.94,4487.89,4456.0,4476.8,69935.12,312854279.4108
2025-09-21 04:00:00,4476.8,4491.0,4465.29,4476.71,47914.77,214516775.1038
2025-09-21 08:00:00,4476.71,4478.39,4440.03,4458.3,103686.36,462282301.2876
2025-09-21 12:00:00,4458.3,4485.0,4457.97,4480.95,70871.85,317045454.4725
2025-09-21 16:00:00,4480.95,4497.7,4461.82,4492.99,138458.21,620304894.9684
2025-09-21 20:00:00,4492.99,4493.63,4441.18,4443.11,111594.54,497882786.5599
2025-09-22 00:00:00,4443.11,4454.6,4258.0,4303.86,659781.3,2862449041.6624
2025-09-22 04:00:00,4303.86,4308.96,4046.73,4190.62,907353.38,3787639345.419
2025-09-22 08:00:00,4190.62,4204.88,4133.54,4179.71,295075.93,1230863806.9246
2025-09-22 12:00:00,4179.71,4218.0,4156.32,4165.46,356382.34,1492334817.7507
2025-09-22 16:00:00,4165.46,4181.2,4116.64,4132.96,260602.26,1082259159.3165
2025-09-22 20:00:00,4132.96,4205.99,4131.5,4196.41,135211.22,565308385.8705
2025-09-23 00:00:00,4196.41,4209.61,4110.94,4186.18,244588.69,1018860363.3111
2025-09-23 04:00:00,4186.18,4213.84,4152.29,4203.14,167627.45,702424453.0019
2025-09-23 08:00:00,4203.14,4228.84,4175.7,4189.91,148724.56,624700974.3406
2025-09-23 12:00:00,4189.91,4209.4,4160.0,4178.97,241941.03,1012562159.6796
2025-09-23 16:00:00,4178.97,4205.2,4135.0,4151.33,294388.22,1225460552.5413
2025-09-23 20:00:00,4151.33,4191.0,4137.18,4162.25,120665.11,502910804.8322
2025-09-24 00:00:00,4162.25,4192.95,4127.18,4145.52,192211.83,799993367.7436
2025-09-24 04:00:00,4145.52,4182.86,4070.45,4173.6,357616.27,1477437945.8901
2025-09-24 08:00:00,4173.6,4197.04,4161.84,4179.96,138866.11,580278361.0966
2025-09-24 12:00:00,4179.96,4205.9,4144.3,4163.66,271727.44,1134909389.1781
2025-09-24 16:00:00,4163.66,4192.67,4151.89,4158.8,158731.33,661742785.9855
2025-09-24 20:00:00,4158.8,4170.0,4127.0,4150.28,124359.51,516339907.3889
2025-09-25 00:00:00,4150.28,4159.0,4018.04,4060.01,526956.03,2153987228.1719
2025-09-25 04:00:00,4060.01,4069.0,3960.01,4006.61,517623.99,2075077242.2247
2025-09-25 08:00:00,4006.61,4050.0,3986.3,3999.96,270461.09,1087252666.9017
2025-09-25 12:00:00,3999.96,4020.98,3921.2,4001.09,712215.64,2835191228.4717
2025-09-25 16:00:00,4001.09,4004.95,3821.26,3910.49,927596.44,3614972815.1261
2025-09-25 20:00:00,3910.49,3936.31,3847.01,3872.05,337474.04,1312731465.6721
2025-09-26 00:00:00,3872.05,3971.29,3864.98,3964.39,279734.61,1099016854.604
2025-09-26 04:00:00,3964.39,3976.0,3906.12,3938.1,287575.66,1130919901.1318
2025-09-26 08:00:00,3938.1,3944.15,3870.84,3904.36,224885.94,878173590.289
2025-09-26 12:00:00,3904.36,3984.0,3873.04,3944.0,526026.25,2070918056.1963
2025-09-26 16:00:00,3944.0,4067.82,3940.86,4021.68,400634.68,1611019114.6801
2025-09-26 20:00:00,4021.68,4038.78,4002.2,4029.69,131534.05,528855443.2712
2025-09-27 00:00:00,4029.69,4031.04,4003.5,4017.01,68244.43,274164260.8812
2025-09-27 04:00:00,4017.01,4026.78,4003.82,4006.05,56065.29,225030916.9841
2025-09-27 08:00:00,4006.05,4016.8,3970.48,4000.97,194400.7,776227615.597
2025-09-27 12:00:00,4000.97,4037.6,3992.86,4017.17,160429.58,644111906.4306
2025-09-27 16:00:00,4017.17,4018.29,3978.0,4000.69,124373.63,496796361.5161
2025-09-27 20:00:00,4000.69,4032.4,3998.73,4016.9,60368.74,242431774.7289
2025-09-28 00:00:00,4016.9,4030.64,3991.95,4000.99,84641.03,339131611.971
2025-09-28 04:00:00,4000.99,4018.67,3994.75,4012.2,61648.29,246909305.9392
2025-09-28 08:00:00,4012.2,4014.31,3981.21,3990.66,100730.23,402335471.874
2025-09-28 12:00:00,3990.66,4027.36,3960.98,4019.14,190956.32,763753271.5244
2025-09-28 16:00:00,4019.14,4053.4,4019.14,4037.19,143341.07,578432947.0519
2025-09-28 20:00:00,4037.19,4143.0,4033.15,4139.5,264016.93,1081714223.3154
2025-09-29 00:00:00,4139.5,4144.15,4101.14,4120.68,135570.06,558709975.9624
2025-09-29 04:00:00,4120.68,4122.43,4085.9,4106.9,112134.82,460318490.1615
2025-09-29 08:00:00,4106.9,4139.63,4092.07,4101.53,145625.57,599604457.787
2025-09-29 12:00:00,4101.53,4204.8,4079.0,4162.99,496954.19,2066125303.9535
2025-09-29 16:00:00,4162.99,4192.35,4125.33,4186.99,204255.95,848829771.7724
2025-09-29 20:00:00,4186.99,4234.8,4179.5,4212.56,190577.77,803507782.9344
2025-09-30 00:00:00,4212.56,4244.74,4185.49,4196.59,180198.33,758326529.5027
2025-09-30 04:00:00,4196.59,4205.82,4166.74,4180.47,162050.07,678269945.3676
2025-09-30 08:00:00,4180.47,4181.39,4132.0,4162.28,221353.95,919838890.0541
2025-09-30 12:00:00,4162.28,4175.82,4091.52,4117.45,342204.02,1414668493.0092
2025-09-30 16:00:00,4117.45,4169.57,4089.48,4158.46,223071.77,918899845.7115
2025-09-30 20:00:00,4158.46,4201.72,4115.75,4143.41,276158.26,1148209329.8151
2025-10-01 00:00:00,4143.41,4172.99,4122.09,4127.28,199711.24,828348316.3355
2025-10-01 04:00:00,4127.28,4155.87,4121.11,4144.43,121302.49,502125397.4397
2025-10-01 08:00:00,4144.43,4329.89,4141.27,4296.86,584246.31,2493303056.6814
2025-10-01 12:00:00,4296.86,4342.83,4277.57,4325.54,309586.35,1334477004.88
2025-10-01 16:00:00,4325.54,4338.77,4286.01,4332.07,214169.87,924549160.3471
2025-10-01 20:00:00,4332.07,4353.85,4285.11,4346.0,158073.98,683321964.54
2025-10-02 00:00:00,4346.0,4398.58,4330.26,4375.68,299104.38,1307177905.324
2025-10-02 04:00:00,4375.68,4423.21,4356.09,4374.3,313796.08,1377866038.5037
2025-10-02 08:00:00,4374.3,4395.93,4367.63,4377.33,115766.57,507368473.5187
2025-10-02 12:00:00,4377.33,4442.11,4330.47,4435.95,569233.58,2499865343.9997
2025-10-02 16:00:00,4435.95,4515.77,4424.16,4492.85,406742.29,1817237340.4642
2025-10-02 20:00:00,4492.85,4495.2,4453.43,4481.74,158795.07,710606214.6799
2025-10-03 00:00:00,4481.74,4558.84,4458.42,4498.77,209835.23,945540057.3161
2025-10-03 04:00:00,4498.77,4508.81,4451.0,4460.45,166977.37,747206074.0602
2025-10-03 08:00:00,4460.45,4494.0,4425.38,4476.96,196099.84,874953746.7754
2025-10-03 12:00:00,4476.96,4541.68,4433.28,4533.61,344377.15,1542336120.2968
2025-10-03 16:00:00,4533.61,4592.59,4448.57,4517.1,668849.6,3021247431.7471
2025-10-03 20:00:00,4517.1,4541.28,4489.05,4511.2,102884.77,464690620.2473
2025-10-04 00:00:00,4511.2,4515.66,4462.0,4484.13,115699.73,518778698.638
2025-10-04 04:00:00,4484.13,4516.67,4477.08,4497.0,108603.31,488652460.9873
2025-10-04 08:00:00,4497.0,4503.2,4478.13,4482.77,93770.34,421076508.5759
2025-10-04 12:00:00,4482.77,4510.5,4437.65,4453.51,200829.06,898560636.0363
2025-10-04 16:00:00,4453.51,4476.18,4438.08,4466.5,116890.21,521315920.3138
2025-10-04 20:00:00,4466.5,4494.0,4466.5,4485.74,64224.39,287919228.1733
2025-10-05 00:00:00,4485.74,4574.18,4464.97,4530.01,308902.28,1399191563.9729
2025-10-05 04:00:00,4530.01,4614.28,4526.16,4604.65,307670.24,1406805248.3173
2025-10-05 08:00:00,4604.65,4618.86,4521.71,4549.44,333368.0,1519962396.5732
2025-10-05 12:00:00,4549.44,4550.05,4524.0,4530.37,138021.48,626158102.2997
2025-10-05 16:00:00,4530.37,4539.49,4479.0,4484.79,249702.83,1125991647.3379
2025-10-05 20:00:00,4484.79,4522.42,4471.84,4511.97,108001.18,486274530.4086
2025-10-06 00:00:00,4511.97,4551.38,4485.27,4535.07,218640.78,989297871.0587
2025-10-06 04:00:00,4535.07,4576.85,4506.53,4531.4,185674.66,843531038.3552
2025-10-06 08:00:00,4531.4,4592.92,4531.31,4569.93,155805.99,711614969.1055
2025-10-06 12:00:00,4569.93,4693.32,4568.23,4671.33,457794.39,2122044828.0137
2025-10-06 16:00:00,4671.33,4732.36,4657.18,4720.4,289247.98,1358077753.0301
2025-10-06 20:00:00,4720.4,4733.96,4667.0,4681.76,143003.42,671532073.7044
2025-10-07 00:00:00,4681.76,4697.34,4659.85,4688.78,89977.78,421074629.6378
2025-10-07 04:00:00,4688.78,4729.99,4663.0,4676.92,233526.37,1095755045.3111
2025-10-07 08:00:00,4676.92,4712.55,4636.0,4707.34,215111.72,1005514473.2138
2025-10-07 12:00:00,4707.34,4755.7,4472.0,4511.01,1097202.4,5061923151.2059
2025-10-07 16:00:00,4511.01,4522.73,4445.0,4478.5,577351.77,2588521161.1081
2025-10-07 20:00:00,4478.5,4516.6,4425.75,4445.65,222427.28,996230896.6973
2025-10-08 00:00:00,4445.65,4497.11,4431.32,4442.05,191995.37,856649105.0101
2025-10-08 04:00:00,4442.05,4465.27,4409.59,4461.5,199643.51,886672730.7509
2025-10-08 08:00:00,4461.5,4505.63,4456.0,4486.0,169092.97,758088215.1053
2025-10-08 12:00:00,4486.0,4521.99,4433.5,4444.83,362696.19,1622069995.8756
2025-10-08 16:00:00,4444.83,4556.78,4436.4,4513.13,365558.45,1649562053.9134
2025-10-08 20:00:00,4513.13,4539.99,4498.0,4524.4,103458.24,467572440.8425
2025-10-09 00:00:00,4524.4,4530.24,4401.2,4449.2,299883.46,1335712930.4381
2025-10-09 04:00:00,4449.2,4459.0,4408.25,4424.22,151547.16,672244376.8956
2025-10-09 08:00:00,4424.22,4425.08,4317.56,4371.14,465497.75,2028157404.8084
2025-10-09 12:00:00,4371.14,4411.48,4288.0,4312.13,491694.94,2138685461.7453
2025-10-09 16:00:00,4312.13,4343.97,4262.82,4337.25,325105.12,1400378502.3392
2025-10-09 20:00:00,4337.25,4382.0,4326.5,4367.14,106895.45,465596167.5526
2025-10-10 00:00:00,4367.14,4392.9,4341.51,4346.0,147192.85,643230655.5966
2025-10-10 04:00:00,4346.0,4377.0,4313.3,4321.18,165370.44,717927356.7413
2025-10-10 08:00:00,4321.18,4350.0,4311.26,4341.59,118749.89,514556313.9745
2025-10-10 12:00:00,4341.59,4389.64,4067.98,4100.91,967590.16,4085791011.4375
2025-10-10 16:00:00,4100.91,4136.03,3946.77,3994.7,811880.4,3289490465.8411
2025-10-10 20:00:00,3994.7,4022.24,3311.76,3823.77,2638403.87,9927527118.423
2025-10-11 00:00:00,3823.77,3873.88,3720.93,3788.9,413751.66,1571512640.9197
2025-10-11 04:00:00,3788.9,3830.79,3731.0,3757.45,290686.27,1099142350.9287
2025-10-11 08:00:00,3757.45,3857.38,3747.0,3838.27,315371.92,1203819436.0752
2025-10-11 12:00:00,3838.27,3854.0,3781.73,3822.93,239805.11,915831544.0159
2025-10-11 16:00:00,3822.93,3846.55,3726.24,3757.42,222383.67,842887254.6275
2025-10-11 20:00:00,3757.42,3764.95,3637.48,3745.01,362975.43,1346237261.4991
2025-10-12 00:00:00,3745.01,3818.19,3690.49,3779.66,285817.6,1069135915.6112
2025-10-12 04:00:00,3779.66,3843.06,3773.62,3825.78,187032.45,713318447.0102
2025-10-12 08:00:00,3825.78,3866.79,3803.93,3818.01,172113.9,658942872.9785
2025-10-12 12:00:00,3818.01,4078.0,3790.69,4032.79,762932.99,3016810103.4248
2025-10-12 16:00:00,4032.79,4175.79,4032.79,4133.6,563006.58,2314950537.9565
2025-10-12 20:00:00,4133.6,4196.97,4080.53,4150.3,357597.12,1478765289.6069
2025-10-13 00:00:00,4150.3,4218.74,4121.9,4138.06,226743.05,943561893.8467
2025-10-13 04:00:00,4138.06,4197.43,4112.64,4177.02,205062.71,851815042.7015
2025-10-13 08:00:00,4177.02,4194.67,4034.23,4078.07,345033.67,1419641520.6019
2025-10-13 12:00:00,4078.07,4180.0,4054.06,4133.76,549212.53,2264037517.4031
2025-10-13 16:00:00,4133.76,4270.0,4126.29,4250.4,373915.91,1571806597.3324
2025-10-13 20:00:00,4250.4,4290.0,4231.27,4239.36,165475.94,704754915.5708
2025-10-14 00:00:00,4239.36,4262.0,4135.0,4150.86,294851.58,1235735730.0026
2025-10-14 04:00:00,4150.86,4158.64,3961.41,3978.51,611080.14,2472198930.819
2025-10-14 08:00:00,3978.51,4012.3,3885.0,3969.37,564597.21,2234832175.4127
2025-10-14 12:00:00,3969.37,4087.88,3891.43,4084.02,760735.67,3022329766.643
2025-10-14 16:00:00,4084.02,4167.96,4044.12,4101.12,739943.21,3038231110.4608
2025-10-14 20:00:00,4101.12,4144.18,4071.04,4122.81,161779.17,665554575.6274
2025-10-15 00:00:00,4122.81,4144.83,4058.03,4079.6,238618.16,979114225.6557
2025-10-15 04:00:00,4079.6,4128.15,4070.0,4120.24,201749.2,827780673.503
2025-10-15 08:00:00,4120.24,4215.43,4084.62,4097.45,381617.41,1582579756.8107
2025-10-15 12:00:00,4097.45,4105.77,3956.0,3978.4,562950.65,2275290116.6545
2025-10-15 16:00:00,3978.4,4012.79,3926.09,3980.98,368341.89,1464867531.405
2025-10-15 20:00:00,3980.98,3994.12,3923.01,3983.61,266775.37,1057282116.0258
2025-10-16 00:00:00,3983.61,4034.87,3973.2,4013.04,144371.27,578844199.9945
2025-10-16 04:00:00,4013.04,4049.37,3977.18,4001.83,198475.38,796084778.2705
2025-10-16 08:00:00,4001.83,4079.88,3935.14,4060.4,358813.04,1440997120.1858
2025-10-16 12:00:00,4060.4,4084.0,3888.05,3904.01,624293.59,2494317377.9686
2025-10-16 16:00:00,3904.01,3966.41,3848.03,3865.26,622878.74,2429225390.8082
2025-10-16 20:00:00,3865.26,3896.74,3822.74,3892.37,212208.41,819763756.6525
2025-10-17 00:00:00,3892.37,3949.59,3886.36,3931.72,180204.99,706053205.6449
2025-10-17 04:00:00,3931.72,3935.34,3750.0,3753.75,429068.5,1642415942.3553
2025-10-17 08:00:00,3753.75,3816.66,3672.0,3776.22,724800.36,2711555563.664
2025-10-17 12:00:00,3776.22,3809.66,3712.13,3795.75,524396.04,1976159305.4293
2025-10-17 16:00:00,3795.75,3849.31,3776.48,3825.87,367677.1,1403495476.2435
2025-10-17 20:00:00,3825.87,3881.74,3816.15,3829.88,177486.3,684487540.5197
2025-10-18 00:00:00,3829.88,3880.45,3817.0,3868.8,120260.58,463481693.5733
2025-10-18 04:00:00,3868.8,3926.99,3840.0,3891.12,176753.15,686784896.3438
2025-10-18 08:00:00,3891.12,3904.0,3860.0,3880.21,116758.89,452889901.6326
2025-10-18 12:00:00,3880.21,3892.24,3845.95,3876.01,108624.21,420176047.2831
2025-10-18 16:00:00,3876.01,3898.99,3851.8,3892.01,94798.85,367524440.58
2025-10-18 20:00:00,3892.01,3908.69,3865.89,3886.9,77218.1,300207875.5485
2025-10-19 00:00:00,3886.9,3905.0,3853.59,3904.71,83832.31,324886076.8348
2025-10-19 04:00:00,3904.71,3919.88,3870.86,3886.37,97678.82,379989341.1114
2025-10-19 08:00:00,3886.37,3957.32,3824.1,3922.66,465202.26,1812581089.5034
2025-10-19 12:00:00,3922.66,4001.55,3903.56,3977.78,238594.56,945009384.3268
2025-10-19 16:00:00,3977.78,4026.15,3956.13,3983.82,192811.09,769535679.6258
2025-10-19 20:00:00,3983.82,4031.62,3967.17,3980.97,168609.29,673875538.9282
2025-10-20 00:00:00,3980.97,4039.25,3906.5,4025.37,321661.61,1272073494.9591
2025-10-20 04:00:00,4025.37,4084.83,4020.69,4053.67,251562.16,1020176065.2385
2025-10-20 08:00:00,4053.67,4071.03,4009.44,4032.82,186877.26,754536238.2897
2025-10-20 12:00:00,4032.82,4049.1,4000.0,4002.12,193478.44,779431675.5513
2025-10-20 16:00:00,4002.12,4002.12,3920.13,3979.4,403646.74,1597274340.0847
2025-10-20 20:00:00,3979.4,4002.19,3968.13,3977.84,89229.87,355580084.8895
2025-10-21 00:00:00,3977.84,3985.12,3916.11,3920.76,149099.95,588322094.727
2025-10-21 04:00:00,3920.76,3920.76,3837.47,3890.33,346204.91,1340427491.0312
2025-10-21 08:00:00,3890.33,3895.98,3849.54,3888.19,192799.73,746655171.8107
2025-10-21 12:00:00,3888.19,4084.54,3850.0,4081.69,840035.88,3326112648.5956
2025-10-21 16:00:00,4081.69,4110.0,3960.45,3993.81,643684.89,2595216356.609
2025-10-21 20:00:00,3993.81,3999.46,3854.83,3870.7,476282.61,1866136046.0755
2025-10-22 00:00:00,3870.7,3888.29,3815.36,3857.51,249032.57,959668540.343
2025-10-22 04:00:00,3857.51,3882.65,3835.04,3866.89,157489.68,607536466.0515
2025-10-22 08:00:00,3866.89,3867.27,3765.6,3826.63,347813.45,1328601242.5663
2025-10-22 12:00:00,3826.63,3875.82,3776.04,3839.44,631648.56,2418661065.7076
2025-10-22 16:00:00,3839.44,3860.1,3781.77,3802.8,363427.85,1388940224.677
2025-10-22 20:00:00,3802.8,3814.97,3703.14,3803.73,340180.75,1279486688.2654
2025-10-23 00:00:00,3803.73,3835.37,3794.6,3825.63,120992.71,462027908.3279
2025-10-23 04:00:00,3825.63,3896.15,3820.6,3879.74,229700.54,887995781.2205
2025-10-23 08:00:00,3879.74,3904.73,3856.64,3861.76,181818.68,706103558.2248
2025-10-23 12:00:00,3861.76,3887.35,3806.69,3875.0,379919.3,1461321907.5528
2025-10-23 16:00:00,3875.0,3935.0,3840.47,3857.87,374523.58,1456764214.9057
2025-10-23 20:00:00,3857.87,3858.89,3815.74,3855.12,167599.64,643448544.9883
2025-10-24 00:00:00,3855.12,3894.7,3843.25,3889.2,145879.48,564965588.3864
2025-10-24 04:00:00,3889.2,3987.87,3884.09,3948.0,312295.41,1235242415.5345
2025-10-24 08:00:00,3948.0,3969.0,3923.55,3945.71,164687.5,650377360.2785
2025-10-24 12:00:00,3945.71,4029.3,3868.01,3887.24,607937.21,2397370910.4614
2025-10-24 16:00:00,3887.24,3936.8,3863.72,3924.76,187910.6,732063863.6344
2025-10-24 20:00:00,3924.76,3944.87,3921.8,3933.76,65517.48,257743265.1794
2025-10-25 00:00:00,3933.76,3938.93,3910.84,3919.8,74377.36,291921004.7837
2025-10-25 04:00:00,3919.8,3959.25,3917.65,3927.0,114995.11,452174363.6715
2025-10-25 08:00:00,3927.0,3955.49,3925.78,3938.71,89200.71,351547936.9224
2025-10-25 12:00:00,3938.71,3956.89,3922.05,3931.8,83232.02,327895130.9102
2025-10-25 16:00:00,3931.8,3968.59,3926.08,3956.33,73409.48,289816572.6178
2025-10-25 20:00:00,3956.33,3963.89,3934.26,3952.01,48384.53,191103529.2815
2025-10-26 00:00:00,3952.01,3960.41,3913.4,3930.51,100035.41,393345731.9107
2025-10-26 04:00:00,3930.51,3955.46,3927.21,3950.24,44267.18,174452835.222
2025-10-26 08:00:00,3950.24,4055.62,3949.17,4044.0,272213.8,1088633990.0604
2025-10-26 12:00:00,4044.0,4100.0,4040.0,4073.72,285649.27,1162804789.1799
2025-10-26 16:00:00,4073.72,4079.58,4045.4,4066.65,89908.01,365329313.3635
2025-10-26 20:00:00,4066.65,4179.42,4051.17,4157.96,280143.51,1157091726.9612
2025-10-27 00:00:00,4157.96,4224.29,4147.42,4203.19,260107.01,1089902091.925
2025-10-27 04:00:00,4203.19,4254.61,4192.58,4200.01,237265.33,1001813409.5174
2025-10-27 08:00:00,4200.01,4200.37,4130.36,4160.81,287357.89,1196043652.3702
2025-10-27 12:00:00,4160.81,4186.3,4121.24,4172.0,292100.87,1213284012.1436
2025-10-27 16:00:00,4172.0,4233.02,4171.54,4191.61,256545.8,1078829927.7236
2025-10-27 20:00:00,4191.61,4194.06,4092.55,4117.9,300012.7,1239196218.409
2025-10-28 00:00:00,4117.9,4140.59,4065.0,4091.99,224224.33,919279707.1481
2025-10-28 04:00:00,4091.99,4126.07,4064.0,4115.01,160062.49,655766981.5153
2025-10-28 08:00:00,4115.01,4134.64,4101.31,4110.08,120722.02,497084923.09
2025-10-28 12:00:00,4110.08,4174.83,4067.2,4094.86,465644.7,1919886466.4085
2025-10-28 16:00:00,4094.86,4149.88,4024.0,4037.06,317431.3,1300059744.2895
2025-10-28 20:00:00,4037.06,4040.2,3929.2,3976.81,437676.38,1742134299.6549
2025-10-29 00:00:00,3976.81,4007.67,3961.57,3995.9,136730.61,544761283.5862
2025-10-29 04:00:00,3995.9,4037.12,3993.61,4023.15,123622.97,497123864.314
2025-10-29 08:00:00,4023.15,4025.68,3981.58,4008.93,142636.91,570627821.2789
2025-10-29 12:00:00,4008.93,4027.99,3938.5,3950.0,304925.31,1214367358.5923
2025-10-29 16:00:00,3950.0,4017.99,3834.28,3902.91,791732.5,3109252442.953
2025-10-29 20:00:00,3902.91,3963.74,3870.85,3900.65,211606.5,829295333.3752
2025-10-30 00:00:00,3900.65,3947.67,3882.56,3932.52,147796.67,579689456.6273
2025-10-30 04:00:00,3932.52,3944.32,3833.78,3938.71,457425.96,1781293412.9917
2025-10-30 08:00:00,3938.71,3938.98,3874.27,3878.7,175622.56,685474504.9666
2025-10-30 12:00:00,3878.7,3882.92,3755.49,3771.18,516069.73,1962944589.1719
2025-10-30 16:00:00,3771.18,3801.3,3675.55,3684.05,467341.08,1745793819.7326
2025-10-30 20:00:00,3684.05,3806.0,3677.0,3803.06,218064.75,817534928.7717
2025-10-31 00:00:00,3803.06,3859.91,3794.25,3827.89,237275.78,908754361.7805
2025-10-31 04:00:00,3827.89,3872.97,3818.92,3829.5,192390.72,739906501.8975
2025-10-31 08:00:00,3829.5,3884.34,3816.33,3872.86,160967.62,618877281.9136
2025-10-31 12:00:00,3872.86,3887.7,3828.36,3857.73,285704.43,1101912112.4252
2025-10-31 16:00:00,3857.73,3905.45,3801.56,3884.3,347147.48,1334708235.701
2025-10-31 20:00:00,3884.3,3891.48,3837.59,3845.8,75318.83,290930960.7974
2025-11-01 00:00:00,3845.8,3862.69,3827.09,3859.47,78724.66,302596610.1046
2025-11-01 04:00:00,3859.47,3867.34,3850.01,3859.42,56008.82,216197866.4219
2025-11-01 08:00:00,3859.42,3881.5,3858.72,3876.35,59593.29,230782788.6829
2025-11-01 12:00:00,3876.35,3901.47,3856.0,3893.19,91599.8,355166573.9509
2025-11-01 16:00:00,3893.19,3908.0,3860.43,3877.99,91436.85,354778338.6443
2025-11-01 20:00:00,3877.99,3891.08,3860.99,3871.8,60492.76,234360787.4149
2025-11-02 00:00:00,3871.8,3885.87,3860.1,3878.78,37188.64,144011678.8635
2025-11-02 04:00:00,3878.78,3917.01,3873.67,3904.34,98498.03,384025356.4548
2025-11-02 08:00:00,3904.34,3909.4,3843.64,3888.13,186617.39,723014043.2579
2025-11-02 12:00:00,3888.13,3892.77,3836.45,3851.15,142656.68,550898240.2024
2025-11-02 16:00:00,3851.15,3865.37,3837.07,3854.46,66553.14,256410457.4144
2025-11-02 20:00:00,3854.46,3915.43,3841.8,3905.15,134725.28,522419610.8059
2025-11-03 00:00:00,3905.15,3914.02,3723.88,3733.87,402963.25,1532399102.635
2025-11-03 04:00:00,3733.87,3763.67,3680.0,3712.17,310810.79,1157223235.2167
2025-11-03 08:00:00,3712.17,3739.53,3658.0,3709.31,353461.93,1308065617.1462
2025-11-03 12:00:00,3709.31,3747.76,3578.57,3586.82,642966.09,2351540364.3931
2025-11-03 16:00:00,3586.82,3681.79,3561.0,3629.46,428371.82,1551711174.2083
2025-11-03 20:00:00,3629.46,3635.0,3554.05,3601.83,279186.53,1002076719.4423
2025-11-04 00:00:00,3601.83,3653.68,3564.08,3640.41,192659.59,697683895.2455
2025-11-04 04:00:00,3640.41,3646.73,3470.08,3492.61,554407.9,1955022894.8324
2025-11-04 08:00:00,3492.61,3534.72,3458.01,3527.21,288420.76,1007594855.8931
2025-11-04 12:00:00,3527.21,3586.48,3471.1,3505.76,480000.46,1693364601.885
2025-11-04 16:00:00,3505.76,3519.0,3224.84,3229.47,1032717.98,3463060773.6356
2025-11-04 20:00:00,3229.47,3303.42,3051.42,3284.8,1169242.91,3729768823.8072
2025-11-05 00:00:00,3284.8,3347.58,3165.0,3333.35,535850.29,1743328855.4285
2025-11-05 04:00:00,3333.35,3354.22,3299.18,3329.01,206646.81,687460505.1878
2025-11-05 08:00:00,3329.01,3329.26,3272.56,3321.78,274789.11,906775729.4757
2025-11-05 12:00:00,3321.78,3397.98,3311.66,3396.06,451467.53,1511601529.2084
2025-11-05 16:00:00,3396.06,3477.99,3367.7,3452.58,435302.56,1490991657.0973
2025-11-05 20:00:00,3452.58,3478.87,3413.03,3422.79,217180.56,747357753.1552
2025-11-06 00:00:00,3422.79,3449.81,3373.22,3431.29,216867.33,739126942.0108
2025-11-06 04:00:00,3431.29,3455.0,3359.26,3378.45,245691.49,834783699.9213
2025-11-06 08:00:00,3378.45,3414.07,3364.02,3398.11,165218.35,559835788.3169
2025-11-06 12:00:00,3398.11,3404.01,3275.02,3298.85,537811.38,1798029020.9341
2025-11-06 16:00:00,3298.85,3351.5,3242.67,3323.68,521316.56,1720684820.8706
2025-11-06 20:00:00,3323.68,3334.79,3285.01,3313.62,170728.67,564632102.8697
2025-11-07 00:00:00,3313.62,3364.98,3272.14,3343.47,284840.48,946124640.9475
2025-11-07 04:00:00,3343.47,3369.0,3317.03,3356.14,157049.99,525786959.7613
2025-11-07 08:00:00,3356.14,3359.26,3223.11,3258.0,290687.14,952771430.9642
2025-11-07 12:00:00,3258.0,3317.16,3191.51,3295.38,517606.85,1683501996.7761
2025-11-07 16:00:00,3295.38,3448.6,3271.93,3441.72,400764.66,1352324286.1475
2025-11-07 20:00:00,3441.72,3471.93,3426.73,3434.39,173482.58,598500079.4718
2025-11-08 00:00:00,3434.39,3466.81,3405.0,3452.2,183063.65,629883174.378
2025-11-08 04:00:00,3452.2,3487.19,3415.76,3446.55,210452.54,725551364.484
2025-11-08 08:00:00,3446.55,3471.77,3405.0,3411.39,135934.66,467365529.3508
2025-11-08 12:00:00,3411.39,3416.34,3365.0,3375.09,209468.42,710908935.6902
2025-11-08 16:00:00,3375.09,3406.0,3353.29,3387.66,177200.62,598861582.0771
2025-11-08 20:00:00,3387.66,3413.96,3378.96,3400.54,62274.83,211727309.3282
2025-11-09 00:00:00,3400.54,3402.89,3356.53,3374.84,114683.11,387466987.5254
2025-11-09 04:00:00,3374.84,3428.42,3368.03,3420.6,124896.53,424754973.2724
2025-11-09 08:00:00,3420.6,3433.66,3380.0,3427.33,157301.13,536350159.7932
2025-11-09 12:00:00,3427.33,3563.12,3423.29,3513.29,413307.32,1445918199.6188
2025-11-09 16:00:00,3513.29,3579.2,3499.19,3579.19,206254.15,728642287.2501
2025-11-09 20:00:00,3579.19,3622.07,3559.65,3581.23,224679.09,804895782.0507
2025-11-10 00:00:00,3581.23,3658.0,3546.8,3625.96,279202.2,1010862339.7026
2025-11-10 04:00:00,3625.96,3630.82,3587.01,3607.13,152305.23,549501781.9084
2025-11-10 08:00:00,3607.13,3629.94,3585.0,3608.71,145587.49,524811194.1704
2025-11-10 12:00:00,3608.71,3621.23,3506.18,3517.71,403510.17,1436486150.417
2025-11-10 16:00:00,3517.71,3574.58,3505.0,3556.48,215022.01,760608707.8567
2025-11-10 20:00:00,3556.48,3582.45,3525.42,3566.26,139585.42,496254827.7116
2025-11-11 00:00:00,3566.26,3647.38,3550.68,3604.12,275257.83,990837920.6615
2025-11-11 04:00:00,3604.12,3608.75,3527.76,3542.31,222502.68,791710417.2145
2025-11-11 08:00:00,3542.31,3586.23,3541.12,3572.29,136930.08,487909912.9121
2025-11-11 12:00:00,3572.29,3593.25,3465.85,3479.34,453941.64,1597784987.0515
2025-11-11 16:00:00,3479.34,3499.0,3443.23,3455.4,239230.98,830399879.7692
2025-11-11 20:00:00,3455.4,3460.9,3403.01,3415.57,231859.19,794949488.7943
2025-11-12 00:00:00,3415.57,3454.34,3407.3,3437.79,191313.32,656718029.639
2025-11-12 04:00:00,3437.79,3456.11,3422.41,3426.39,93528.07,321981153.7453
2025-11-12 08:00:00,3426.39,3569.76,3426.39,3548.1,308270.13,1080578713.4303
2025-11-12 12:00:00,3548.1,3587.38,3415.13,3426.4,562297.57,1971643428.6017
2025-11-12 16:00:00,3426.4,3452.5,3368.17,3406.17,583097.55,1987643521.4867
2025-11-12 20:00:00,3406.17,3439.99,3390.17,3412.72,137575.3,469675528.0984
2025-11-13 00:00:00,3412.72,3472.23,3373.05,3451.13,284582.59,976121099.5868
2025-11-13 04:00:00,3451.13,3564.38,3431.07,3536.7,334735.58,1173913323.3093
2025-11-13 08:00:00,3536.7,3548.88,3475.0,3499.88,253365.06,889145391.815
2025-11-13 12:00:00,3499.88,3509.88,3363.88,3384.61,630910.93,2165250916.92
2025-11-13 16:00:00,3384.61,3396.74,3173.08,3195.38,778810.1,2544448715.7508
2025-11-13 20:00:00,3195.38,3270.73,3151.57,3229.3,433857.16,1388070735.4052
2025-11-14 00:00:00,3229.3,3250.0,3181.21,3226.26,298232.84,958642225.0316
2025-11-14 04:00:00,3226.26,3239.78,3105.44,3213.46,572603.79,1817461339.1445
2025-11-14 08:00:00,3213.46,3217.82,3114.89,3142.99,354787.22,1123571355.4907
2025-11-14 12:00:00,3142.99,3233.6,3066.85,3195.73,817339.82,2570674114.7784
2025-11-14 16:00:00,3195.73,3256.55,3152.5,3206.51,383847.15,1229142133.8184
2025-11-14 20:00:00,3206.51,3212.45,3086.73,3110.56,311877.34,978949987.3563
2025-11-15 00:00:00,3110.56,3192.77,3108.15,3178.05,169914.48,537088496.4481
2025-11-15 04:00:00,3178.05,3191.5,3156.14,3175.01,96775.73,307047724.4418
2025-11-15 08:00:00,3175.01,3176.91,3131.89,3151.15,135257.19,426553430.1867
2025-11-15 12:00:00,3151.15,3197.24,3145.74,3184.74,108500.08,344812530.8965
2025-11-15 16:00:00,3184.74,3230.0,3161.08,3196.59,157248.53,503062656.1169
2025-11-15 20:00:00,3196.59,3199.81,3151.1,3166.38,117488.98,372457476.4024
2025-11-16 00:00:00,3166.38,3209.04,3130.0,3201.53,166984.55,528235960.6295
2025-11-16 04:00:00,3201.53,3219.8,3185.28,3218.41,92480.88,296283955.0664
2025-11-16 08:00:00,3218.41,3248.46,3157.9,3167.4,217855.88,698332329.7374
2025-11-16 12:00:00,3167.4,3181.0,3096.0,3103.48,259161.31,816001947.3639
2025-11-16 16:00:00,3103.48,3128.16,3020.43,3089.93,535688.88,1649150940.8898
2025-11-16 20:00:00,3089.93,3116.18,3001.0,3093.69,303193.41,929116171.5901
2025-11-17 00:00:00,3093.69,3179.69,3067.04,3175.82,314667.71,985173321.2829
2025-11-17 04:00:00,3175.82,3207.74,3165.22,3197.09,165932.05,528736313.7303
2025-11-17 08:00:00,3197.09,3222.9,3178.24,3202.69,153897.78,492427708.6635
2025-11-17 12:00:00,3202.69,3210.01,3093.0,3119.28,572935.38,1803048822.0572
2025-11-17 16:00:00,3119.28,3141.83,2970.53,2980.65,633701.44,1932970600.9555
2025-11-17 20:00:00,2980.65,3031.0,2957.4,3030.0,337738.0,1012573887.3238
2025-11-18 00:00:00,3030.0,3049.22,2943.51,3023.27,494829.73,1485270503.1533
2025-11-18 04:00:00,3023.27,3034.0,2957.13,3023.37,339230.64,1017747952.464
2025-11-18 08:00:00,3023.37,3073.3,3023.37,3056.91,291747.74,890419285.9859
2025-11-18 12:00:00,3056.91,3123.83,3020.09,3105.98,464420.33,1426105214.1097
2025-11-18 16:00:00,3105.98,3170.0,3098.52,3144.57,363337.64,1142610606.2256
2025-11-18 20:00:00,3144.57,3149.52,3094.53,3122.03,165732.59,516602802.6013
2025-11-19 00:00:00,3122.03,3124.83,3066.73,3071.37,229500.43,710754428.0793
2025-11-19 04:00:00,3071.37,3086.81,2990.17,3083.69,416057.64,1264010617.1916
2025-11-19 08:00:00,3083.69,3111.37,3051.45,3082.4,285518.07,879920364.3472
2025-11-19 12:00:00,3082.4,3108.49,2964.66,2971.15,614751.12,1870391019.2037
2025-11-19 16:00:00,2971.15,2985.0,2871.11,2880.16,618173.88,1805876267.2205
2025-11-19 20:00:00,2880.16,3027.95,2873.2,3024.3,530558.92,1572310234.2471
2025-11-20 00:00:00,3024.3,3057.63,3003.73,3038.1,257786.86,782492992.9426
2025-11-20 04:00:00,3038.1,3063.15,3006.54,3038.36,245337.32,743840355.928
2025-11-20 08:00:00,3038.36,3045.32,2990.69,3022.66,217428.21,655573640.7932
2025-11-20 12:00:00,3022.66,3050.0,2950.19,2953.78,657561.42,1969152082.9483
2025-11-20 16:00:00,2953.78,2959.82,2788.4,2846.44,1127486.04,3218310474.6973
2025-11-20 20:00:00,2846.44,2904.96,2816.51,2832.85,357193.16,1021790180.8627
2025-11-21 00:00:00,2832.85,2885.71,2769.35,2807.07,438809.26,1241718576.6049
2025-11-21 04:00:00,2807.07,2832.76,2646.3,2719.23,741243.98,2032830379.3284
2025-11-21 08:00:00,2719.23,2754.63,2662.23,2687.49,582690.78,1577753378.7508
2025-11-21 12:00:00,2687.49,2780.23,2620.76,2703.89,989722.0,2694574306.3501
2025-11-21 16:00:00,2703.89,2806.99,2673.49,2750.81,577303.61,1584668963.8193
2025-11-21 20:00:00,2750.81,2775.43,2706.11,2764.85,269665.15,739467984.6123
2025-11-22 00:00:00,2764.85,2783.11,2738.0,2751.26,118023.75,325842449.1945
2025-11-22 04:00:00,2751.26,2769.99,2724.77,2755.36,125475.91,344721049.3092
2025-11-22 08:00:00,2755.36,2755.52,2702.63,2733.68,183428.07,499977841.0976
2025-11-22 12:00:00,2733.68,2754.35,2709.62,2737.82,171532.3,468733636.7752
2025-11-22 16:00:00,2737.82,2758.35,2733.8,2749.11,87585.33,240718329.9197
2025-11-22 20:00:00,2749.11,2798.79,2731.55,2768.85,142350.2,393578032.4163
2025-11-23 00:00:00,2768.85,2833.55,2766.68,2823.33,158150.52,443626721.7685
2025-11-23 04:00:00,2823.33,2852.07,2775.55,2791.97,230666.93,649452990.9365
2025-11-23 08:00:00,2791.97,2823.0,2791.85,2814.61,107760.35,302613611.7387
2025-11-23 12:00:00,2814.61,2857.25,2807.98,2834.59,216066.09,611661703.0426
2025-11-23 16:00:00,2834.59,2845.81,2784.53,2821.37,181921.31,511193091.0043
2025-11-23 20:00:00,2821.37,2843.99,2793.26,2800.65,146027.07,412031913.132
2025-11-24 00:00:00,2800.65,2867.04,2761.44,2854.95,316773.24,891995015.3091
2025-11-24 04:00:00,2854.95,2885.41,2801.21,2828.51,284904.47,810216843.7007
2025-11-24 08:00:00,2828.51,2841.64,2786.21,2801.96,187780.47,526825432.3433
2025-11-24 12:00:00,2801.96,2859.96,2782.3,2845.21,327735.19,924194662.2288
2025-11-24 16:00:00,2845.21,2979.0,2841.15,2957.31,448903.36,1310507333.724
2025-11-24 20:00:00,2957.31,2986.25,2945.68,2952.28,202320.43,599891457.1328
2025-11-25 00:00:00,2952.28,2952.29,2902.54,2910.2,198215.57,580095365.3589
2025-11-25 04:00:00,2910.2,2941.66,2896.65,2901.27,153028.04,446827976.1037
2025-11-25 08:00:00,2901.27,2908.25,2863.0,2889.42,237128.13,684268172.2731
2025-11-25 12:00:00,2889.42,2933.3,2852.29,2894.48,470930.09,1363668781.7816
2025-11-25 16:00:00,2894.48,2958.66,2870.01,2921.41,346870.29,1012639815.2231
2025-11-25 20:00:00,2921.41,2979.39,2905.03,2958.0,209887.56,617145916.9262
2025-11-26 00:00:00,2958.0,2983.2,2917.16,2925.09,167840.39,495759631.6389
2025-11-26 04:00:00,2925.09,2953.71,2918.42,2942.9,138981.17,408218060.9017
2025-11-26 08:00:00,2942.9,2948.23,2899.37,2912.84,159644.53,465063244.2372
2025-11-26 12:00:00,2912.84,2946.4,2886.59,2926.75,312548.08,911639752.9521
2025-11-26 16:00:00,2926.75,3044.14,2925.09,3030.99,427194.93,1281280258.7321
2025-11-26 20:00:00,3030.99,3034.93,3006.53,3024.64,109144.17,329851404.0191
2025-11-27 00:00:00,3024.64,3069.99,3003.0,3032.16,228048.87,693374210.264
2025-11-27 04:00:00,3032.16,3053.33,3015.62,3032.2,109672.51,332412265.998
2025-11-27 08:00:00,3032.2,3043.46,3016.17,3026.8,95742.15,289971458.8213
2025-11-27 12:00:00,3026.8,3028.95,2984.0,3009.54,213667.45,640894595.7592
2025-11-27 16:00:00,3009.54,3038.0,3002.47,3030.76,120624.78,364450539.6992
2025-11-27 20:00:00,3030.76,3043.02,3001.82,3013.92,95558.7,289029908.2646
2025-11-28 00:00:00,3013.92,3022.72,2992.5,3007.1,114037.04,342542530.7011
2025-11-28 04:00:00,3007.1,3028.2,2998.45,2999.99,110934.65,334379591.3204
2025-11-28 08:00:00,2999.99,3076.78,2999.71,3032.44,231904.82,705727994.6749
2025-11-28 12:00:00,3032.44,3097.64,3024.0,3071.98,298857.38,916056324.7267
2025-11-28 16:00:00,3071.98,3072.79,3009.28,3048.77,300706.36,912597170.8651
2025-11-28 20:00:00,3048.77,3058.65,3013.62,3029.62,112660.72,342262915.2428
2025-11-29 00:00:00,3029.62,3052.06,3015.77,3021.12,82868.85,251363956.5944
2025-11-29 04:00:00,3021.12,3044.0,2990.0,3003.14,150586.58,453701198.5105
2025-11-29 08:00:00,3003.14,3010.18,2980.89,2998.35,97359.07,291936330.1092
2025-11-29 12:00:00,2998.35,3013.33,2984.1,3005.75,108042.95,323974939.8037
2025-11-29 16:00:00,3005.75,3010.5,2960.0,2987.12,198121.49,590915772.0306
2025-11-29 20:00:00,2987.12,2998.0,2980.2,2988.18,59484.68,177779022.2804
2025-11-30 00:00:00,2988.18,3012.9,2972.61,3000.53,95789.45,286898267.9659
2025-11-30 04:00:00,3000.53,3008.91,2983.45,3003.6,59095.0,177051704.3559
2025-11-30 08:00:00,3003.6,3017.84,2997.0,3001.67,87879.4,264298005.7378
2025-11-30 12:00:00,3001.67,3052.71,2998.2,3027.34,204106.56,619172317.7908
2025-11-30 16:00:00,3027.34,3048.29,3026.71,3033.45,92730.12,281611821.7066
2025-11-30 20:00:00,3033.45,3040.2,2987.55,2989.61,146839.46,442480360.1353
2025-12-01 00:00:00,2989.61,2997.41,2812.02,2824.49,649796.66,1868186521.7007
2025-12-01 04:00:00,2824.49,2842.17,2804.65,2838.27,204286.08,576453944.0585
2025-12-01 08:00:00,2838.27,2853.12,2826.62,2836.23,172721.88,490357302.8943
2025-12-01 12:00:00,2836.23,2838.78,2718.01,2744.66,648665.83,1811168637.3736
2025-12-01 16:00:00,2744.66,2758.15,2716.65,2739.1,311276.01,852567172.274
2025-12-01 20:00:00,2739.1,2817.94,2738.42,2797.2,262748.35,731234474.0777
2025-12-02 00:00:00,2797.2,2823.77,2779.33,2803.25,190887.07,534615592.195
2025-12-02 04:00:00,2803.25,2815.89,2795.8,2804.34,113159.39,317528196.4064
2025-12-02 08:00:00,2804.34,2833.96,2780.7,2824.81,165432.97,464651207.0589
2025-12-02 12:00:00,2824.81,3023.8,2815.3,3004.99,707015.84,2061266860.395
2025-12-02 16:00:00,3004.99,3033.0,2985.37,3014.65,383633.9,1154983975.6743
2025-12-02 20:00:00,3014.65,3021.17,2971.61,2994.84,226908.81,679886783.33
2025-12-03 00:00:00,2994.84,3047.68,2983.27,3028.95,205659.42,621436916.1685
2025-12-03 04:00:00,3028.95,3084.37,3027.54,3056.67,257527.79,787837420.0215
2025-12-03 08:00:00,3056.67,3078.05,3042.73,3072.08,177181.9,541929297.362
2025-12-03 12:00:00,3072.08,3144.74,3028.0,3085.0,580218.77,1787948590.4662
2025-12-03 16:00:00,3085.0,3141.58,3062.8,3127.14,267079.93,830884000.8083
2025-12-03 20:00:00,3127.14,3216.01,3115.47,3186.56,367798.58,1163185975.6682
2025-12-04 00:00:00,3186.56,3239.53,3172.49,3208.19,256793.89,823374284.3356
2025-12-04 04:00:00,3208.19,3218.52,3167.88,3188.98,247826.84,791871706.1501
2025-12-04 08:00:00,3188.98,3207.11,3173.11,3185.0,125681.9,400693323.9907
2025-12-04 12:00:00,3185.0,3224.63,3137.48,3206.58,368219.86,1169279104.569
2025-12-04 16:00:00,3206.58,3224.15,3064.22,3117.61,512872.61,1610457966.502
2025-12-04 20:00:00,3117.61,3150.89,3103.74,3131.9,244761.68,766100026.7579
2025-12-05 00:00:00,3131.9,3191.63,3130.87,3169.17,154042.32,487493814.7356
2025-12-05 04:00:00,3169.17,3181.2,3150.0,3172.46,151014.64,478029732.1123
2025-12-05 08:00:00,3172.46,3172.46,3105.98,3130.25,278901.66,873516822.1133
2025-12-05 12:00:00,3130.25,3157.45,3080.34,3104.39,450400.4,1403128351.9768
2025-12-05 16:00:00,3104.39,3107.1,2980.01,3036.79,690713.4,2095128473.1242
2025-12-05 20:00:00,3036.79,3047.88,3004.59,3020.32,130001.51,393259555.9672
2025-12-06 00:00:00,3020.32,3044.91,3010.61,3038.89,70523.93,213520093.0204
2025-12-06 04:00:00,3038.89,3041.5,3020.56,3024.55,62652.62,190000450.1683
2025-12-06 08:00:00,3024.55,3040.66,3011.22,3037.16,91259.52,276077212.1721
2025-12-06 12:00:00,3037.16,3068.72,3023.58,3040.18,173968.16,529420659.5303
2025-12-06 16:00:00,3040.18,3065.0,3023.62,3028.8,125358.23,381672471.9567
2025-12-06 20:00:00,3028.8,3053.44,3024.87,3036.68,75888.56,230544479.2027
2025-12-07 00:00:00,3036.68,3056.26,3030.67,3052.79,60475.77,184192488.495
2025-12-07 04:00:00,3052.79,3056.99,3029.09,3035.8,55503.42,168818666.3005
2025-12-07 08:00:00,3035.8,3042.59,3023.0,3034.53,84097.03,255022614.7343
2025-12-07 12:00:00,3034.53,3052.49,2909.0,3025.89,534620.14,1593820687.9516
2025-12-07 16:00:00,3025.89,3148.98,2997.92,3136.66,488465.05,1507780421.8234
2025-12-07 20:00:00,3136.66,3146.17,3011.2,3058.08,349681.7,1073555959.5815
2025-12-08 00:00:00,3058.08,3133.66,3038.77,3109.38,207155.64,640599876.2894
2025-12-08 04:00:00,3109.38,3139.47,3107.0,3132.62,163260.66,510683990.1773
2025-12-08 08:00:00,3132.62,3179.84,3123.45,3141.0,198935.79,627153277.7553
2025-12-08 12:00:00,3141.0,3177.65,3086.0,3099.49,566736.71,1773586611.3812
2025-12-08 16:00:00,3099.49,3131.92,3071.68,3117.25,368972.55,1146892186.0114
2025-12-08 20:00:00,3117.25,3152.75,3111.67,3123.28,150806.93,472415135.7565
2025-12-09 00:00:00,3123.28,3142.56,3088.63,3128.38,175752.69,546680504.2127
2025-12-09 04:00:00,3128.38,3130.76,3094.0,3121.34,181690.0,565101700.9337
2025-12-09 08:00:00,3121.34,3129.76,3090.29,3116.68,152677.77,474872995.7957
2025-12-09 12:00:00,3116.68,3256.18,3096.02,3244.2,612917.51,1939218943.801
2025-12-09 16:00:00,3244.2,3397.8,3244.19,3356.31,731403.61,2439386797.039
2025-12-09 20:00:00,3356.31,3359.74,3282.18,3316.08,289095.95,959887840.1362
2025-12-10 00:00:00,3316.08,3326.45,3286.0,3307.68,122647.76,405429872.9896
2025-12-10 04:00:00,3307.68,3334.58,3304.51,3326.0,91157.39,302571075.6177
2025-12-10 08:00:00,3326.0,3376.74,3295.17,3316.47,229686.2,764381821.1936
2025-12-10 12:00:00,3316.47,3338.26,3301.4,3326.7,189254.69,628649076.9482
2025-12-10 16:00:00,3326.7,3434.0,3319.09,3389.14,689406.0,2329166025.7783
2025-12-10 20:00:00,3389.14,3447.53,3314.6,3322.04,467194.42,1573539019.1668
2025-12-11 00:00:00,3322.04,3325.77,3164.51,3189.6,474829.47,1536695767.5261
2025-12-11 04:00:00,3189.6,3213.95,3178.63,3199.36,209682.15,670891654.9555
2025-12-11 08:00:00,3199.36,3211.73,3176.16,3190.86,150467.15,480754795.6846
2025-12-11 12:00:00,3190.86,3210.0,3141.76,3177.79,497760.77,1582426493.8858
2025-12-11 16:00:00,3177.79,3233.07,3153.42,3192.8,379039.91,1210598943.9955
2025-12-11 20:00:00,3192.8,3271.4,3190.95,3235.85,299049.96,968640926.0886
2025-12-12 00:00:00,3235.85,3265.33,3182.21,3243.82,232986.43,752769340.0755
2025-12-12 04:00:00,3243.82,3263.84,3230.37,3244.88,110190.64,357971593.4282
2025-12-12 08:00:00,3244.88,3254.6,3223.74,3240.89,117924.43,382060437.5777
2025-12-12 12:00:00,3240.89,3250.0,3055.0,3070.01,638374.2,2014064158.9415
2025-12-12 16:00:00,3070.01,3099.5,3042.13,3071.69,515152.97,1582396634.1372
2025-12-12 20:00:00,3071.69,3094.96,3065.74,3083.26,97501.01,300454586.7432
2025-12-13 00:00:00,3083.26,3093.52,3076.48,3088.78,59937.74,184947107.2903
2025-12-13 04:00:00,3088.78,3095.0,3082.57,3092.88,58555.17,180912989.1177
2025-12-13 08:00:00,3092.88,3135.0,3090.8,3118.05,185881.37,579551946.0509
2025-12-13 12:00:00,3118.05,3126.0,3092.41,3108.24,146432.57,455138619.4524
2025-12-13 16:00:00,3108.24,3115.19,3094.7,3106.65,70682.25,219334068.3736
2025-12-13 20:00:00,3106.65,3118.71,3077.0,3112.58,80581.72,250012506.8049
2025-12-14 00:00:00,3112.58,3128.19,3101.93,3117.41,64108.71,199827210.8287
2025-12-14 04:00:00,3117.41,3120.8,3102.34,3113.74,61522.51,191280038.9951
2025-12-14 08:00:00,3113.74,3118.24,3045.85,3083.1,207644.84,640975843.9499
2025-12-14 12:00:00,3083.1,3107.0,3067.64,3082.99,203820.28,629536731.9047
2025-12-14 16:00:00,3082.99,3106.49,3072.04,3091.43,132673.52,409763968.5035
2025-12-14 20:00:00,3091.43,3096.0,3023.04,3061.88,246743.66,756257861.9103
2025-12-15 00:00:00,3061.88,3149.99,3055.02,3107.08,247291.49,767572383.5684
2025-12-15 04:00:00,3107.08,3145.0,3102.37,3127.61,106309.11,332040568.3226
2025-12-15 08:00:00,3127.61,3176.62,3124.03,3155.95,163050.96,513900462.938
2025-12-15 12:00:00,3155.95,3158.17,2982.8,3009.02,662721.06,2025649127.8408
2025-12-15 16:00:00,3009.02,3016.7,2893.0,2938.78,582064.33,1718645219.6262
2025-12-15 20:00:00,2938.78,2968.14,2914.65,2963.26,192766.37,566761082.9045
2025-12-16 00:00:00,2963.26,2977.04,2920.38,2935.19,239238.93,704959370.3587
2025-12-16 04:00:00,2935.19,2949.94,2873.68,2922.16,266726.03,777701918.2707
2025-12-16 08:00:00,2922.16,2963.54,2918.09,2956.7,167468.98,492387298.6496
2025-12-16 12:00:00,2956.7,2982.9,2884.15,2961.84,486875.95,1429025148.8361
2025-12-16 16:00:00,2961.84,2966.88,2909.56,2943.95,261458.06,768242833.6635
2025-12-16 20:00:00,2943.95,2964.76,2935.8,2960.71,118660.51,350194171.2113
2025-12-17 00:00:00,2960.71,2973.43,2936.66,2946.5,128679.78,380057435.9534
2025-12-17 04:00:00,2946.5,2953.37,2912.19,2946.74,186628.79,547335875.4213
2025-12-17 08:00:00,2946.74,2946.74,2905.68,2927.34,139382.21,407555344.1486
2025-12-17 12:00:00,2927.34,3029.5,2883.0,2902.91,808856.84,2389270318.4486
2025-12-17 16:00:00,2902.91,2924.87,2788.4,2818.53,689266.4,1960808630.7205
2025-12-17 20:00:00,2818.53,2836.71,2801.93,2832.48,162153.16,457703346.71
2025-12-18 00:00:00,2832.48,2846.5,2819.23,2830.44,116836.13,330785535.6383
2025-12-18 04:00:00,2830.44,2841.75,2821.02,2835.04,97099.88,275012829.0692
2025-12-18 08:00:00,2835.04,2863.55,2830.21,2857.73,128448.61,366049184.4563
2025-12-18 12:00:00,2857.73,2997.54,2853.02,2963.39,890599.71,2619411183.866
2025-12-18 16:00:00,2963.39,2966.1,2773.21,2780.01,679093.5,1934013113.874
2025-12-18 20:00:00,2780.01,2836.72,2777.47,2827.01,267121.3,750748299.7587
2025-12-19 00:00:00,2827.01,2933.61,2807.1,2907.22,366370.66,1052007066.556
2025-12-19 04:00:00,2907.22,2983.31,2905.27,2950.66,288701.01,848217327.0725
2025-12-19 08:00:00,2950.66,2970.0,2936.28,2963.98,173971.72,513891001.3735
2025-12-19 12:00:00,2963.98,3019.0,2941.59,2963.4,510962.87,1518374037.3229
2025-12-19 16:00:00,2963.4,3007.81,2932.75,2983.46,399442.26,1186253523.5151
2025-12-19 20:00:00,2983.46,3002.38,2970.28,2977.77,123662.72,369240237.2897
2025-12-20 00:00:00,2977.77,2992.83,2968.9,2987.95,62060.39,184900635.4505
2025-12-20 04:00:00,2987.95,2989.92,2973.81,2980.52,54296.37,161891400.1324
2025-12-20 08:00:00,2980.52,2989.02,2972.65,2985.72,58746.13,175151635.557
2025-12-20 12:00:00,2985.72,2993.42,2964.35,2975.54,104086.21,309807677.8067
2025-12-20 16:00:00,2975.54,2979.86,2972.08,2976.28,37047.66,110254972.4304
2025-12-20 20:00:00,2976.28,2984.75,2970.77,2976.31,41306.45,123007183.2566
2025-12-21 00:00:00,2976.31,2980.05,2959.39,2971.4,73408.44,217881335.3813
2025-12-21 04:00:00,2971.4,2981.57,2970.36,2979.59,30680.86,91285906.9662
2025-12-21 08:00:00,2979.59,3012.43,2975.69,2995.24,180581.27,541112821.2723
2025-12-21 12:00:00,2995.24,3003.74,2939.8,2973.0,326924.66,969130020.5528
2025-12-21 16:00:00,2973.0,2995.99,2966.0,2989.67,116456.26,347120520.5604
2025-12-21 20:00:00,2989.67,3011.59,2969.42,3001.01,97271.38,291018733.3783
2025-12-22 00:00:00,3001.01,3060.0,2969.29,3020.29,340469.26,1027475295.228
2025-12-22 04:00:00,3020.29,3042.49,3018.43,3028.51,94576.32,286613336.9466
2025-12-22 08:00:00,3028.51,3056.86,3023.11,3047.68,183112.19,556689272.5299
2025-12-22 12:00:00,3047.68,3076.53,3018.44,3051.3,362053.04,1103759954.9341
2025-12-22 16:00:00,3051.3,3058.27,2972.56,2978.76,240522.83,724661454.8094
2025-12-22 20:00:00,2978.76,3014.89,2960.15,3007.89,190276.25,568156141.6593
2025-12-23 00:00:00,3007.89,3033.83,2969.42,2990.09,184735.14,555145460.5683
2025-12-23 04:00:00,2990.09,2998.6,2944.44,2962.94,177539.5,526601367.845
2025-12-23 08:00:00,2962.94,2973.98,2950.56,2972.05,93080.9,275930837.3282
2025-12-23 12:00:00,2972.05,2973.15,2898.0,2927.14,408515.49,1198039464.0313
2025-12-23 16:00:00,2927.14,2965.0,2906.48,2942.51,318200.88,935678206.7785
2025-12-23 20:00:00,2942.51,2987.1,2938.92,2963.41,159508.66,473072370.3823
2025-12-24 00:00:00,2963.41,2977.34,2918.52,2944.05,153806.33,453079711.7709
2025-12-24 04:00:00,2944.05,2958.0,2916.0,2931.0,141697.45,415789705.014
2025-12-24 08:00:00,2931.0,2939.8,2913.0,2923.7,106799.69,312619005.7569
2025-12-24 12:00:00,2923.7,2937.55,2886.38,2924.05,220089.49,641556439.4917
2025-12-24 16:00:00,2924.05,2954.64,2920.01,2944.8,135130.09,397108582.8052
2025-12-24 20:00:00,2944.8,2962.0,2940.34,2946.21,59377.93,175175554.3068
2025-12-25 00:00:00,2946.21,2956.16,2935.17,2946.09,51930.26,152944694.6678
2025-12-25 04:00:00,2946.09,2947.26,2936.27,2940.96,39392.63,115834829.3771
2025-12-25 08:00:00,2940.96,2946.47,2910.2,2923.43,117210.81,342640839.4215
2025-12-25 12:00:00,2923.43,2971.0,2918.43,2959.75,146926.19,432728862.7944
2025-12-25 16:00:00,2959.75,2966.67,2941.41,2954.88,131622.14,388720970.8272
2025-12-25 20:00:00,2954.88,2955.6,2888.03,2902.0,186935.23,545200390.6266
2025-12-26 00:00:00,2902.0,2993.3,2892.22,2963.47,333006.88,982933853.4236
2025-12-26 04:00:00,2963.47,2992.31,2950.8,2955.31,154241.57,458190132.834
2025-12-26 08:00:00,2955.31,2975.0,2953.29,2963.57,90655.87,268803473.4756
2025-12-26 12:00:00,2963.57,2984.89,2892.14,2921.38,420821.51,1233298752.1812
2025-12-26 16:00:00,2921.38,2934.18,2905.19,2924.61,134603.24,393173172.3211
2025-12-26 20:00:00,2924.61,2937.34,2920.03,2926.54,64521.6,188901680.7384
2025-12-27 00:00:00,2926.54,2932.33,2920.59,2932.0,35804.83,104788260.1462
2025-12-27 04:00:00,2932.0,2936.82,2927.0,2931.81,33068.57,96908453.524
2025-12-27 08:00:00,2931.81,2939.5,2916.18,2929.35,75838.92,222043984.3029
2025-12-27 12:00:00,2929.35,2932.79,2924.1,2925.67,34543.57,101160769.3084
2025-12-27 16:00:00,2925.67,2929.78,2916.0,2929.4,43302.74,126564284.3568
2025-12-27 20:00:00,2929.4,2960.0,2926.87,2947.64,96902.95,284982656.9557
2025-12-28 00:00:00,2947.64,2950.69,2939.32,2942.02,35056.36,103231906.3521
2025-12-28 04:00:00,2942.02,2946.16,2928.58,2937.8,47243.04,138752908.0257
2025-12-28 08:00:00,2937.8,2946.14,2930.0,2942.95,60846.41,178850500.9033
2025-12-28 12:00:00,2942.95,2959.44,2935.8,2947.64,77425.07,228179955.7674
2025-12-28 16:00:00,2947.64,2953.99,2923.5,2932.02,103962.06,305243130.0975
2025-12-28 20:00:00,2932.02,2955.26,2926.83,2949.66,64907.99,190899942.7809
2025-12-29 00:00:00,2949.66,3047.55,2943.0,3042.52,325270.59,974833487.2812
2025-12-29 04:00:00,3042.52,3056.81,3001.5,3018.44,226079.1,685210258.7319
2025-12-29 08:00:00,3018.44,3025.0,2954.46,2958.0,289080.74,861328824.8135
2025-12-29 12:00:00,2958.0,2964.45,2907.0,2934.06,474202.53,1391067438.2654
2025-12-29 16:00:00,2934.06,2944.77,2912.7,2931.0,196902.45,576998943.2282
2025-12-29 20:00:00,2931.0,2943.14,2923.94,2936.24,70553.03,206988752.7076
2025-12-30 00:00:00,2936.24,2954.7,2915.79,2950.46,105831.75,310533512.4326
2025-12-30 04:00:00,2950.46,2957.96,2935.65,2949.67,83083.33,244862149.5063
2025-12-30 08:00:00,2949.67,3002.9,2948.9,2977.79,245219.0,730897859.4938
2025-12-30 12:00:00,2977.79,3009.0,2957.5,2988.39,314570.2,937864432.0912
2025-12-30 16:00:00,2988.39,2993.64,2940.85,2970.11,215935.22,641300873.2017
2025-12-30 20:00:00,2970.11,2974.5,2952.58,2972.25,75314.08,223298637.6255
2025-12-31 00:00:00,2972.25,2984.15,2960.52,2969.25,95012.54,282600776.1693
2025-12-31 04:00:00,2969.25,2978.6,2965.86,2975.78,51406.56,152838871.1356
2025-12-31 08:00:00,2975.78,3003.35,2961.54,3000.84,123742.91,369158920.276
2025-12-31 12:00:00,3000.84,3029.0,2965.24,2984.25,349301.7,1045247958.0829
2025-12-31 16:00:00,2984.25,2997.17,2956.17,2970.04,181378.14,539770884.1058
2025-12-31 20:00:00,2970.04,2983.95,2962.35,2970.57,72817.21,216504566.5315
2026-01-01 00:00:00,2970.57,2988.54,2970.25,2979.42,52828.18,157532522.3552
2026-01-01 04:00:00,2979.42,2983.34,2972.12,2977.46,42396.19,126258100.3886
2026-01-01 08:00:00,2977.46,2993.08,2976.87,2988.31,45766.26,136604504.9935
2026-01-01 12:00:00,2988.31,2994.68,2975.9,2988.9,67588.79,201724628.9137
2026-01-01 16:00:00,2988.9,3005.54,2979.11,2994.31,112134.87,335248507.703
2026-01-01 20:00:00,2994.31,3008.73,2985.55,3002.79,78770.95,236020341.9273
2026-01-02 00:00:00,3002.79,3034.66,2990.03,3021.49,147313.26,443692017.7374
2026-01-02 04:00:00,3021.49,3038.47,3006.77,3016.91,110643.63,334374364.5922
2026-01-02 08:00:00,3016.91,3069.61,3013.95,3046.18,228644.83,696858659.2946
2026-01-02 12:00:00,3046.18,3108.54,3018.76,3084.98,438446.25,1343928299.5275
2026-01-02 16:00:00,3084.98,3150.0,3076.95,3122.6,442628.22,1380915064.4169
2026-01-02 20:00:00,3122.6,3145.2,3109.65,3123.67,91919.21,287397007.0131
2026-01-03 00:00:00,3123.67,3135.44,3117.1,3123.86,57315.24,179105287.3416
2026-01-03 04:00:00,3123.86,3126.65,3073.0,3089.08,174212.61,539030453.9667
2026-01-03 08:00:00,3089.08,3109.0,3082.04,3096.75,101366.74,313951441.8732
2026-01-03 12:00:00,3096.75,3112.98,3091.78,3099.28,89569.11,277919684.3299
2026-01-03 16:00:00,3099.28,3117.45,3095.93,3111.68,49308.83,153227232.9967
2026-01-03 20:00:00,3111.68,3129.95,3105.38,3125.42,58567.85,182710967.9033
2026-01-04 00:00:00,3125.42,3165.39,3124.44,3145.82,155939.23,490705087.6837
2026-01-04 04:00:00,3145.82,3162.4,3132.83,3139.79,108778.18,342262403.0173
2026-01-04 08:00:00,3139.79,3147.64,3124.6,3138.21,108359.72,339878961.0104
2026-01-04 12:00:00,3138.21,3145.83,3116.0,3133.77,97077.29,304000016.8074
2026-01-04 16:00:00,3133.77,3142.82,3117.14,3131.45,82808.44,259282714.8415
2026-01-04 20:00:00,3131.45,3154.0,3128.77,3143.19,103215.07,324249341.2768
2026-01-05 00:00:00,3143.19,3221.3,3141.12,3184.48,348139.94,1108436359.4662
2026-01-05 04:00:00,3184.48,3186.93,3132.0,3155.75,192986.05,609378933.5884
2026-01-05 08:00:00,3155.75,3182.48,3151.13,3178.89,143408.46,454093915.35
2026-01-05 12:00:00,3178.89,3205.0,3132.99,3194.54,379975.08,1202858661.8586
2026-01-05 16:00:00,3194.54,3229.28,3157.36,3221.83,356597.07,1140906045.161
2026-01-05 20:00:00,3221.83,3265.0,3218.5,3224.01,221369.58,717168351.422
2026-01-06 00:00:00,3224.01,3246.99,3201.53,3223.84,140190.74,451407784.4279
2026-01-06 04:00:00,3223.84,3253.6,3209.46,3217.56,144973.65,468113276.9604
2026-01-06 08:00:00,3217.56,3241.85,3212.48,3236.47,86508.63,279210148.9055
2026-01-06 12:00:00,3236.47,3308.0,3227.57,3270.62,445029.85,1458084758.6395
2026-01-06 16:00:00,3270.62,3277.84,3181.09,3222.0,399726.84,1290243825.318
2026-01-06 20:00:00,3222.0,3302.47,3221.54,3295.88,253339.21,829720059.6985
2026-01-07 00:00:00,3295.88,3295.95,3237.42,3265.32,185131.67,603965008.7098
2026-01-07 04:00:00,3265.32,3270.74,3245.3,3253.73,82388.98,268125163.7264
2026-01-07 08:00:00,3253.73,3262.24,3193.31,3218.97,273515.39,880449079.3946
2026-01-07 12:00:00,3218.97,3227.61,3142.58,3163.31,439587.24,1398643653.431
2026-01-07 16:00:00,3163.31,3178.44,3123.41,3143.83,243561.04,767114980.5845
2026-01-07 20:00:00,3143.83,3180.77,3126.17,3167.3,143270.34,451689777.6282
2026-01-08 00:00:00,3167.3,3183.35,3130.29,3140.86,152862.02,482775999.304
2026-01-08 04:00:00,3140.86,3160.26,3088.15,3125.89,290568.78,906950519.6385
2026-01-08 08:00:00,3125.89,3136.28,3095.0,3119.4,185758.58,579062624.9889
2026-01-08 12:00:00,3119.4,3119.87,3052.37,3102.94,439864.35,1357183559.7108
2026-01-08 16:00:00,3102.94,3137.89,3088.21,3109.85,228796.87,712776813.4207
2026-01-08 20:00:00,3109.85,3129.44,3087.31,3105.48,108841.96,338248319.8053
2026-01-09 00:00:00,3105.48,3147.0,3078.5,3118.2,185711.08,577944069.0943
2026-01-09 04:00:00,3118.2,3124.49,3108.51,3109.11,73710.55,229716413.5051
2026-01-09 08:00:00,3109.11,3113.81,3064.88,3088.59,183325.64,566362091.9113
2026-01-09 12:00:00,3088.59,3141.99,3055.31,3110.69,418074.02,1295040125.9683
2026-01-09 16:00:00,3110.69,3144.5,3067.0,3078.49,278176.49,864207409.8698
2026-01-09 20:00:00,3078.49,3092.19,3063.34,3086.99,89947.11,277142620.733
2026-01-10 00:00:00,3086.99,3093.75,3078.73,3085.28,33427.79,103130477.1648
2026-01-10 04:00:00,3085.28,3092.13,3077.25,3091.66,29704.81,91634043.8452
2026-01-10 08:00:00,3091.66,3102.87,3086.0,3095.67,49474.23,153130701.6688
2026-01-10 12:00:00,3095.67,3102.13,3086.98,3094.32,40118.01,124129298.7452
2026-01-10 16:00:00,3094.32,3098.21,3089.0,3090.97,23244.04,71892144.1668
2026-01-10 20:00:00,3090.97,3093.32,3077.01,3085.62,39502.42,121878506.7032
2026-01-11 00:00:00,3085.62,3096.39,3083.01,3095.8,29486.39,91140116.9358
2026-01-11 04:00:00,3095.8,3101.32,3088.3,3093.9,30403.78,94104777.4403
2026-01-11 08:00:00,3093.9,3109.29,3091.33,3104.0,42149.5,130779313.3888
2026-01-11 12:00:00,3104.0,3129.77,3103.35,3116.87,93892.7,292459864.7442
2026-01-11 16:00:00,3116.87,3146.5,3114.52,3123.11,118602.57,371338234.0168
2026-01-11 20:00:00,3123.11,3124.8,3090.8,3121.62,133752.51,415935687.5078
2026-01-12 00:00:00,3121.62,3170.72,3095.36,3150.94,249063.41,781407488.1548
2026-01-12 04:00:00,3150.94,3165.77,3131.45,3133.66,108471.84,341675307.7393
2026-01-12 08:00:00,3133.66,3146.28,3098.8,3113.95,243034.05,757427278.7845
2026-01-12 12:00:00,3113.95,3133.94,3063.39,3128.85,382244.04,1185440068.7783
2026-01-12 16:00:00,3128.85,3145.79,3082.49,3119.62,275896.44,859485478.2679
2026-01-12 20:00:00,3119.62,3126.69,3081.75,3093.53,125755.44,389687653.1045
2026-01-13 00:00:00,3093.53,3118.0,3090.01,3114.88,98878.31,306903267.172
2026-01-13 04:00:00,3114.88,3145.98,3111.01,3120.7,151046.5,472801316.6776
2026-01-13 08:00:00,3120.7,3148.0,3120.7,3132.86,111020.1,348105652.0798
2026-01-13 12:00:00,3132.86,3187.87,3128.01,3183.07,417476.67,1314752962.6368
2026-01-13 16:00:00,3183.07,3217.67,3169.64,3214.72,295148.71,941647180.074
2026-01-13 20:00:00,3214.72,3383.0,3188.75,3324.22,527770.41,1737261961.3634
2026-01-14 00:00:00,3324.22,3357.32,3314.0,3351.45,189000.34,629961558.0035
2026-01-14 04:00:00,3351.45,3367.52,3320.59,3335.2,144559.21,482423230.6827
2026-01-14 08:00:00,3335.2,3342.42,3280.08,3284.44,149723.11,495804037.4692
2026-01-14 12:00:00,3284.44,3362.41,3277.57,3344.41,388294.69,1291080893.9102
2026-01-14 16:00:00,3344.41,3402.71,3313.95,3366.22,471554.96,1584858705.6383
2026-01-14 20:00:00,3366.22,3391.92,3345.42,3353.07,168966.45,568778241.2205
2026-01-15 00:00:00,3353.07,3353.86,3273.85,3284.4,222828.07,738024818.8515
2026-01-15 04:00:00,3284.4,3334.69,3282.51,3328.95,117371.22,388524269.0581
2026-01-15 08:00:00,3328.95,3377.43,3318.64,3348.15,180721.96,606183563.7349
2026-01-15 12:00:00,3348.15,3383.42,3283.5,3329.2,463047.4,1545294234.976
2026-01-15 16:00:00,3329.2,3336.0,3270.54,3294.33,289742.9,956565722.5378
2026-01-15 20:00:00,3294.33,3322.85,3274.77,3317.54,123921.25,408834711.178
2026-01-16 00:00:00,3317.54,3326.73,3290.01,3293.86,86077.7,284592498.883
2026-01-16 04:00:00,3293.86,3316.21,3275.33,3308.35,122996.34,405576627.7981
2026-01-16 08:00:00,3308.35,3319.22,3291.13,3300.34,79049.58,261256997.3996
2026-01-16 12:00:00,3300.34,3318.0,3250.44,3262.43,262174.74,861139784.3628
2026-01-16 16:00:00,3262.43,3287.44,3257.48,3275.19,148939.83,487854118.3128
2026-01-16 20:00:00,3275.19,3298.91,3262.28,3294.65,109636.68,360288336.1129
2026-01-17 00:00:00,3294.65,3295.9,3282.03,3287.81,30421.32,100060834.8758
2026-01-17 04:00:00,3287.81,3292.81,3284.44,3289.62,24127.83,79355130.0985
2026-01-17 08:00:00,3289.62,3303.99,3286.52,3301.32,57804.52,190570138.7399
2026-01-17 12:00:00,3301.32,3329.23,3297.66,3328.1,105459.79,349469672.1667
2026-01-17 16:00:00,3328.1,3329.08,3310.33,3315.05,81628.96,270861615.8646
2026-01-17 20:00:00,3315.05,3318.98,3295.12,3308.54,50512.97,166919922.7339
2026-01-18 00:00:00,3308.54,3318.28,3294.21,3315.12,66958.03,221218521.9265
2026-01-18 04:00:00,3315.12,3317.21,3303.61,3305.88,48838.28,161727174.4637
2026-01-18 08:00:00,3305.88,3324.89,3301.47,3320.94,59551.64,197514067.2627
2026-01-18 12:00:00,3320.94,3346.68,3312.53,3332.5,131014.06,436126319.6121
2026-01-18 16:00:00,3332.5,3368.67,3328.11,3345.27,123729.85,414704741.4154
2026-01-18 20:00:00,3345.27,3355.0,3276.5,3282.26,218769.1,725190825.2859
2026-01-19 00:00:00,3282.26,3282.8,3173.07,3210.36,525742.15,1692086223.0974
2026-01-19 04:00:00,3210.36,3215.79,3185.77,3205.17,122960.35,393735552.3128
2026-01-19 08:00:00,3205.17,3229.76,3192.25,3222.13,112673.5,361988534.0924
2026-01-19 12:00:00,3222.13,3235.71,3199.68,3214.19,88885.28,285897862.8312
2026-01-19 16:00:00,3214.19,3226.15,3206.62,3218.31,57236.1,184068944.8583
2026-01-19 20:00:00,3218.31,3224.32,3163.24,3187.6,143063.37,456453731.5299
2026-01-20 00:00:00,3187.6,3199.4,3173.11,3187.27,109154.98,347964447.823
2026-01-20 04:00:00,3187.27,3188.32,3107.09,3121.21,314042.96,987051218.0367
2026-01-20 08:00:00,3121.21,3121.82,3083.74,3107.85,198268.48,614782733.2088
2026-01-20 12:00:00,3107.85,3113.71,2993.32,3031.1,530073.86,1616346606.3761
2026-01-20 16:00:00,3031.1,3041.39,2977.68,2995.03,249933.74,750150535.3611
2026-01-20 20:00:00,2995.03,3006.66,2906.2,2938.74,311577.3,920620124.4985
2026-01-21 00:00:00,2938.74,2982.99,2919.72,2980.1,158079.74,467325850.3269
2026-01-21 04:00:00,2980.1,3000.84,2963.92,2969.1,107539.96,320696583.6373
2026-01-21 08:00:00,2969.1,2973.91,2936.24,2941.94,125593.29,371384242.0529
2026-01-21 12:00:00,2941.94,3026.11,2900.83,3001.49,541760.09,1604100865.3634
2026-01-21 16:00:00,3001.49,3069.67,2864.33,3054.89,791030.12,2332314984.6534
2026-01-21 20:00:00,3054.89,3057.0,2970.66,2980.99,277729.58,837817787.7337
2026-01-22 00:00:00,2980.99,3037.78,2979.26,3012.26,145174.36,437562490.1862
2026-01-22 04:00:00,3012.26,3026.64,2998.5,2999.46,69396.15,209161509.2702
2026-01-22 08:00:00,2999.46,3015.0,2976.3,2984.84,124266.68,372492818.1333
2026-01-22 12:00:00,2984.84,3009.33,2903.66,2940.01,451932.37,1334564486.2507
2026-01-22 16:00:00,2940.01,2971.69,2921.87,2952.08,219154.23,645427530.2993
2026-01-22 20:00:00,2952.08,2958.05,2928.56,2950.91,100584.67,296049190.4151
2026-01-23 00:00:00,2950.91,2971.12,2944.37,2963.11,57519.11,170171285.1958
2026-01-23 04:00:00,2963.11,2984.03,2933.2,2946.19,144300.01,426814919.3713
2026-01-23 08:00:00,2946.19,2949.29,2913.92,2939.46,126712.09,371132676.3279
2026-01-23 12:00:00,2939.46,2964.54,2890.1,2950.96,262168.05,766362060.17
2026-01-23 16:00:00,2950.96,3019.12,2937.16,2958.27,390123.55,1161440895.7382
2026-01-23 20:00:00,2958.27,2962.63,2927.55,2954.77,96643.07,284766523.6965
2026-01-24 00:00:00,2954.77,2968.67,2948.0,2960.8,38331.79,113354691.7757
2026-01-24 04:00:00,2960.8,2965.0,2951.95,2955.78,33621.37,99493479.8682
2026-01-24 08:00:00,2955.78,2963.41,2952.54,2959.51,23048.45,68206019.1718
2026-01-24 12:00:00,2959.51,2966.8,2941.95,2955.42,72463.08,214149426.1339
2026-01-24 16:00:00,2955.42,2967.0,2949.91,2952.5,34672.38,102555247.5446
2026-01-24 20:00:00,2952.5,2963.48,2947.21,2952.0,32002.45,94572872.6951
2026-01-25 00:00:00,2952.0,2959.0,2935.18,2941.28,40694.1,119973018.4943
2026-01-25 04:00:00,2941.28,2949.3,2933.23,2938.07,41190.85,121157943.8435
2026-01-25 08:00:00,2938.07,2947.66,2919.02,2936.19,86567.45,254028914.9948
2026-01-25 12:00:00,2936.19,2944.44,2920.53,2925.49,68033.15,199553102.0282
2026-01-25 16:00:00,2925.49,2926.28,2794.01,2811.11,521048.97,1489840348.2432
2026-01-25 20:00:00,2811.11,2823.93,2785.0,2815.61,242658.59,680527951.1706
2026-01-26 00:00:00,2815.61,2897.5,2811.02,2850.0,241523.03,689876144.1407
2026-01-26 04:00:00,2850.0,2910.0,2848.77,2903.08,123384.31,355469869.1666
2026-01-26 08:00:00,2903.08,2933.57,2879.35,2891.33,163786.02,475512106.8123
2026-01-26 12:00:00,2891.33,2951.63,2872.93,2898.02,402411.58,1171417201.3905
2026-01-26 16:00:00,2898.02,2935.94,2883.89,2922.0,209203.8,608780373.5139
2026-01-26 20:00:00,2922.0,2944.8,2892.72,2928.91,156849.69,458599793.8378
2026-01-27 00:00:00,2928.91,2947.77,2911.0,2939.73,75309.09,220805701.7255
2026-01-27 04:00:00,2939.73,2956.03,2923.04,2927.68,69129.25,203039636.3619
2026-01-27 08:00:00,2927.68,2931.49,2898.0,2915.51,92687.3,270005024.2343
2026-01-27 12:00:00,2915.51,2942.54,2903.93,2936.21,169981.29,496686397.1947
2026-01-27 16:00:00,2936.21,2997.99,2915.69,2979.23,460434.62,1363215557.7242
2026-01-27 20:00:00,2979.23,3033.76,2977.21,3024.65,239625.06,721886648.9205
2026-01-28 00:00:00,3024.65,3028.95,2995.34,3003.64,85077.05,256183227.2433
2026-01-28 04:00:00,3003.64,3017.25,2991.46,3003.91,83334.69,250313250.4746
2026-01-28 08:00:00,3003.91,3045.0,2985.0,3038.65,195806.28,590583952.4993
2026-01-28 12:00:00,3038.65,3045.81,2981.08,3006.12,224485.87,677358965.1842
2026-01-28 16:00:00,3006.12,3030.83,2987.37,3015.29,209169.31,629401613.6561
2026-01-28 20:00:00,3015.29,3036.98,2995.0,3008.94,111800.43,337154811.0936
2026-01-29 00:00:00,3008.94,3011.86,2943.0,2951.19,211201.58,627737901.7096
2026-01-29 04:00:00,2951.19,2965.2,2935.72,2959.99,91416.89,270057221.6164
2026-01-29 08:00:00,2959.99,2968.58,2921.7,2928.19,145250.19,427180964.0661
2026-01-29 12:00:00,2928.19,2938.0,2794.21,2822.64,528480.18,1506969697.4801
2026-01-29 16:00:00,2822.64,2859.78,2752.05,2796.19,620751.8,1740682877.4821
2026-01-29 20:00:00,2796.19,2826.09,2787.5,2820.8,119049.05,334471002.1461
2026-01-30 00:00:00,2820.8,2827.22,2678.13,2739.39,473986.31,1299233224.6092
2026-01-30 04:00:00,2739.39,2773.7,2694.0,2738.32,240607.69,658501226.184
2026-01-30 08:00:00,2738.32,2768.95,2708.11,2758.36,171193.88,467664238.5298
2026-01-30 12:00:00,2758.36,2765.0,2690.67,2727.32,355028.69,969922879.9752
2026-01-30 16:00:00,2727.32,2759.9,2634.84,2741.05,558863.34,1511445487.4145
2026-01-30 20:00:00,2741.05,2741.68,2663.0,2705.65,284024.91,765789786.4037
2026-01-31 00:00:00,2705.65,2713.35,2682.65,2694.17,74516.07,201127807.9292
2026-01-31 04:00:00,2694.17,2703.75,2664.51,2679.02,88333.32,237348590.8567
2026-01-31 08:00:00,2679.02,2682.03,2607.12,2639.1,244632.63,646049298.908
2026-01-31 12:00:00,2639.1,2643.15,2496.11,2532.31,616745.03,1578576643.9285
2026-01-31 16:00:00,2532.31,2549.26,2237.52,2381.41,1517676.69,3647988134.7849
2026-01-31 20:00:00,2381.41,2473.0,2352.65,2450.64,375218.89,905143311.2191
2026-02-01 00:00:00,2450.64,2475.0,2426.34,2444.12,140581.0,344257518.4676
2026-02-01 04:00:00,2444.12,2453.98,2391.59,2410.12,174147.3,422000061.0411
2026-02-01 08:00:00,2410.12,2416.65,2395.28,2413.34,31074.66,74764500.0483
